country_old,country,region_old,region,adm1_old,adm1,adm2_old,adm2
Benin,Benin,NA,NA,Alibori,Alibori,Banikoara,Banikoara
Benin,Benin,NA,NA,Alibori,Alibori,Gogounou,Gogounou
Benin,Benin,NA,NA,Alibori,Alibori,Kandi,Kandi
Benin,Benin,NA,NA,Alibori,Alibori,Karimama,Karimama
Benin,Benin,NA,NA,Alibori,Alibori,Malanville,Malanville
Benin,Benin,NA,NA,Alibori,Alibori,Segbana,Segbana
Benin,Benin,NA,NA,Atacora,Atacora,Boukombe,Boukombe
Benin,Benin,NA,NA,Atacora,Atacora,Kerou,Kerou
Benin,Benin,NA,NA,Atacora,Atacora,Kobli,Kobli
Benin,Benin,NA,NA,Atacora,Atacora,Kouande,Kouande
Benin,Benin,NA,NA,Atacora,Atacora,Materi,Materi
Benin,Benin,NA,NA,Atacora,Atacora,Natitingou,Natitingou
Benin,Benin,NA,NA,Atacora,Atacora,Pehunco,Pehunco
Benin,Benin,NA,NA,Atacora,Atacora,Tanguieta,Tanguieta
Benin,Benin,NA,NA,Atacora,Atacora,Toucountouna,Toucountouna
Benin,Benin,NA,NA,Atlantique,Atlantique,Abomey-Calavi,Abomey-Calavi
Benin,Benin,NA,NA,Atlantique,Atlantique,Allada,Allada
Benin,Benin,NA,NA,Atlantique,Atlantique,Kpomasse,Kpomasse
Benin,Benin,NA,NA,Atlantique,Atlantique,Ouidah,Ouidah
Benin,Benin,NA,NA,Atlantique,Atlantique,So-Ava,So-Ava
Benin,Benin,NA,NA,Atlantique,Atlantique,Toffo,Toffo
Benin,Benin,NA,NA,Atlantique,Atlantique,Tori-Bossito,Tori-Bossito
Benin,Benin,NA,NA,Atlantique,Atlantique,Ze,Ze
Benin,Benin,NA,NA,Borgou,Borgou,Bembereke,Bembereke
Benin,Benin,NA,NA,Borgou,Borgou,Kalale,Kalale
Benin,Benin,NA,NA,Borgou,Borgou,N'dali,N'dali
Benin,Benin,NA,NA,Borgou,Borgou,Nikki,Nikki
Benin,Benin,NA,NA,Borgou,Borgou,Parakou,Parakou
Benin,Benin,NA,NA,Borgou,Borgou,Perere,Perere
Benin,Benin,NA,NA,Borgou,Borgou,Sinende,Sinende
Benin,Benin,NA,NA,Borgou,Borgou,Tchaourou,Tchaourou
Benin,Benin,NA,NA,Collines,Collines,Bante,Bante
Benin,Benin,NA,NA,Collines,Collines,Dassa-Zoume,Dassa-Zoume
Benin,Benin,NA,NA,Collines,Collines,Glazoue,Glazoue
Benin,Benin,NA,NA,Collines,Collines,Ouesse,Ouesse
Benin,Benin,NA,NA,Collines,Collines,Savalou,Savalou
Benin,Benin,NA,NA,Collines,Collines,Save,Save
Benin,Benin,NA,NA,Couffo,Couffo,Aplahoue,Aplahoue
Benin,Benin,NA,NA,Couffo,Couffo,Djakotomey,Djakotomey
Benin,Benin,NA,NA,Couffo,Couffo,Dogbo,Dogbo
Benin,Benin,NA,NA,Couffo,Couffo,Klouekanme,Klouekanme
Benin,Benin,NA,NA,Couffo,Couffo,Lalo,Lalo
Benin,Benin,NA,NA,Couffo,Couffo,Toviklin,Toviklin
Benin,Benin,NA,NA,Donga,Donga,Bassila,Bassila
Benin,Benin,NA,NA,Donga,Donga,Copargo,Copargo
Benin,Benin,NA,NA,Donga,Donga,Djougou,Djougou
Benin,Benin,NA,NA,Donga,Donga,Ouake,Ouake
Benin,Benin,NA,NA,Littoral,Littoral,Cotonou,Cotonou
Benin,Benin,NA,NA,Mono,Mono,Athieme,Athieme
Benin,Benin,NA,NA,Mono,Mono,Bopa,Bopa
Benin,Benin,NA,NA,Mono,Mono,Come,Come
Benin,Benin,NA,NA,Mono,Mono,Grand-Popo,Grand-Popo
Benin,Benin,NA,NA,Mono,Mono,Houeyogbe,Houeyogbe
Benin,Benin,NA,NA,Mono,Mono,Lokossa,Lokossa
Benin,Benin,NA,NA,Oueme,Oueme,Adjarra,Adjarra
Benin,Benin,NA,NA,Oueme,Oueme,Adjohoun,Adjohoun
Benin,Benin,NA,NA,Oueme,Oueme,Aguegues,Aguegues
Benin,Benin,NA,NA,Oueme,Oueme,Akpo-Misserete,Akpo-Misserete
Benin,Benin,NA,NA,Oueme,Oueme,Avrankou,Avrankou
Benin,Benin,NA,NA,Oueme,Oueme,Bonou,Bonou
Benin,Benin,NA,NA,Oueme,Oueme,Dangbo,Dangbo
Benin,Benin,NA,NA,Oueme,Oueme,Porto-Novo,Porto-Novo
Benin,Benin,NA,NA,Oueme,Oueme,Seme-Kpodji,Seme-Kpodji
Benin,Benin,NA,NA,Plateau,Plateau,Adja-Ouere,Adja-Ouere
Benin,Benin,NA,NA,Plateau,Plateau,Ifangni,Ifangni
Benin,Benin,NA,NA,Plateau,Plateau,Ketou,Ketou
Benin,Benin,NA,NA,Plateau,Plateau,Pobe,Pobe
Benin,Benin,NA,NA,Plateau,Plateau,Sakete,Sakete
Benin,Benin,NA,NA,Zou,Zou,Abomey,Abomey
Benin,Benin,NA,NA,Zou,Zou,Agbangnizoun,Agbangnizoun
Benin,Benin,NA,NA,Zou,Zou,Bohicon,Bohicon
Benin,Benin,NA,NA,Zou,Zou,Cove,Cove
Benin,Benin,NA,NA,Zou,Zou,Djidja,Djidja
Benin,Benin,NA,NA,Zou,Zou,Ouinhi,Ouinhi
Benin,Benin,NA,NA,Zou,Zou,Zagnanado,Zagnanado
Benin,Benin,NA,NA,Zou,Zou,Za-Kpota,Za-Kpota
Benin,Benin,NA,NA,Zou,Zou,Zogbodomey,Zogbodomey
Benin,Benin,NA,NA,ATACORA,Atacora,Boukombé,Boukombe
Benin,Benin,NA,NA,ATACORA,Atacora,Cobly,Cobly
Benin,Benin,NA,NA,ATACORA,Atacora,Kérou,Kerou
Benin,Benin,NA,NA,ATACORA,Atacora,Kouandé,Kouande
Benin,Benin,NA,NA,ATACORA,Atacora,Matéri,Materi
Benin,Benin,NA,NA,ATACORA,Atacora,Natitingou,Natitingou
Benin,Benin,NA,NA,ATACORA,Atacora,Péhunco,Pehunco
Benin,Benin,NA,NA,ATACORA,Atacora,Tanguiéta,Tanguieta
Benin,Benin,NA,NA,ATACORA,Atacora,Toucountouna,Toucountouna
Benin,Benin,NA,NA,DONGA,Donga,Bassila,Bassila
Benin,Benin,NA,NA,DONGA,Donga,Copargo,Copargo
Benin,Benin,NA,NA,DONGA,Donga,Djougou,Djougou
Benin,Benin,NA,NA,DONGA,Donga,Ouaké,Ouake
Benin,Benin,NA,NA,Altantique,Altantique,Allada,Allada
Benin,Benin,NA,NA,Altantique,Altantique,Kpomassè,Kpomasse
Benin,Benin,NA,NA,Altantique,Altantique,Abomey-calavi,Abomey-Calavi
Benin,Benin,NA,NA,Altantique,Altantique,Ouidah,Ouidah
Benin,Benin,NA,NA,Altantique,Altantique,Toffo,Toffo
Benin,Benin,NA,NA,Altantique,Altantique,Torri-Bossito,Torri-Bossito
Benin,Benin,NA,NA,Altantique,Altantique,Zè,Ze
Benin,Benin,NA,NA,Altantique,Altantique,Sô-Ava,So-Ava
Benin,Benin,NA,NA,LITTORAL,Littoral,COTONOU,Cotonou
Benin,Benin,NA,NA,Alibori,Alibori,Ségbana,Segbana
Benin,Benin,NA,NA,Borgou,Borgou,Kalalé,Kalale
Benin,Benin,NA,NA,Couffo,Couffo,Aplahoué,Aplahoue
Benin,Benin,NA,NA,Couffo,Couffo,Klouèkamey,Klouekamey
Benin,Benin,NA,NA,Mono,Mono,Athiémé,Athieme
Benin,Benin,NA,NA,Mono,Mono,Comè,Come
Benin,Benin,NA,NA,Mono,Mono,Grand-popo,Grand-Popo
Benin,Benin,NA,NA,Mono,Mono,Houéyogbé,Houeyogbe
Benin,Benin,NA,NA,Ouémé,Oueme,Adjarra,Adjarra
Benin,Benin,NA,NA,Ouémé,Oueme,Adjohou,Adjohou
Benin,Benin,NA,NA,Ouémé,Oueme,Aguégués,Aguegues
Benin,Benin,NA,NA,Ouémé,Oueme,Akpro Missereté,Akpro Misserete
Benin,Benin,NA,NA,Ouémé,Oueme,Avrankou,Avrankou
Benin,Benin,NA,NA,Ouémé,Oueme,Bonou,Bonou
Benin,Benin,NA,NA,Ouémé,Oueme,Dangbo,Dangbo
Benin,Benin,NA,NA,Ouémé,Oueme,Porto-Novo,Porto-Novo
Benin,Benin,NA,NA,Ouémé,Oueme,Sèmè-Podji,Seme-Podji
Benin,Benin,NA,NA,Plateau,Plateau,Adja Ouèrè,Adja Ouere
Benin,Benin,NA,NA,Plateau,Plateau,Kétou,Ketou
Benin,Benin,NA,NA,Plateau,Plateau,Pobè,Pobe
Benin,Benin,NA,NA,Plateau,Plateau,Sakété,Sakete
Benin,Benin,NA,NA,Collines,Collines,Bantè,Bante
Benin,Benin,NA,NA,Collines,Collines,Dassa-Zoumè,Dassa-Zoume
Benin,Benin,NA,NA,Collines,Collines,Glazoué,Glazoue
Benin,Benin,NA,NA,Collines,Collines,Savè,Save
Benin,Benin,NA,NA,Collines,Collines,Ouessè,Ouesse
Benin,Benin,NA,NA,Zou,Zou,Za-kpota,Za-Kpota
Burkina Faso,Burkina Faso,NA,NA,Centre,Centre,Kadiogo,Kadiogo
Burkina Faso,Burkina Faso,NA,NA,Plateau Central,Plateau Central,Ganzourgou,Ganzourgou
Burkina Faso,Burkina Faso,NA,NA,Plateau Central,Plateau Central,Oubritenga,Oubritenga
Burkina Faso,Burkina Faso,NA,NA,Plateau Central,Plateau Central,Kourweogo,Kourweogo
Burkina Faso,Burkina Faso,NA,NA,Centre-Nord,Centre-Nord,Bam,Bam
Burkina Faso,Burkina Faso,NA,NA,Centre-Nord,Centre-Nord,Namentenga,Namentenga
Burkina Faso,Burkina Faso,NA,NA,Centre-Nord,Centre-Nord,Sanmatenga,Sanmatenga
Burkina Faso,Burkina Faso,NA,NA,Centre-Ouest,Centre-Ouest,Boulkiemde,Boulkiemde
Burkina Faso,Burkina Faso,NA,NA,Centre-Ouest,Centre-Ouest,Sanguie,Sanguie
Burkina Faso,Burkina Faso,NA,NA,Centre-Ouest,Centre-Ouest,Sissili,Sissili
Burkina Faso,Burkina Faso,NA,NA,Centre-Ouest,Centre-Ouest,Ziro,Ziro
Burkina Faso,Burkina Faso,NA,NA,Centre-Sud,Centre-Sud,Bazega,Bazega
Burkina Faso,Burkina Faso,NA,NA,Centre-Sud,Centre-Sud,Nahouri,Nahouri
Burkina Faso,Burkina Faso,NA,NA,Centre-Sud,Centre-Sud,Zoundweogo,Zoundweogo
Burkina Faso,Burkina Faso,NA,NA,Sahel,Sahel,Oudalan,Oudalan
Burkina Faso,Burkina Faso,NA,NA,Sahel,Sahel,Seno,Seno
Burkina Faso,Burkina Faso,NA,NA,Sahel,Sahel,Soum,Soum
Burkina Faso,Burkina Faso,NA,NA,Sahel,Sahel,Yagha,Yagha
Burkina Faso,Burkina Faso,NA,NA,Boucle du Mouhoun,Boucle Du Mouhoun,Kossi,Kossi
Burkina Faso,Burkina Faso,NA,NA,Boucle du Mouhoun,Boucle Du Mouhoun,Mouhoun,Mouhoun
Burkina Faso,Burkina Faso,NA,NA,Boucle du Mouhoun,Boucle Du Mouhoun,Sourou,Sourou
Burkina Faso,Burkina Faso,NA,NA,Boucle du Mouhoun,Boucle Du Mouhoun,Bale,Bale
Burkina Faso,Burkina Faso,NA,NA,Boucle du Mouhoun,Boucle Du Mouhoun,Banwa,Banwa
Burkina Faso,Burkina Faso,NA,NA,Boucle du Mouhoun,Boucle Du Mouhoun,Nayala,Nayala
Burkina Faso,Burkina Faso,NA,NA,Est,Est,Gnagna,Gnagna
Burkina Faso,Burkina Faso,NA,NA,Est,Est,Gourma,Gourma
Burkina Faso,Burkina Faso,NA,NA,Est,Est,Tapoa,Tapoa
Burkina Faso,Burkina Faso,NA,NA,Est,Est,Komonjdjari,Komonjdjari
Burkina Faso,Burkina Faso,NA,NA,Est,Est,Kompienga,Kompienga
Burkina Faso,Burkina Faso,NA,NA,Centre-Est,Centre-Est,Boulgou,Boulgou
Burkina Faso,Burkina Faso,NA,NA,Centre-Est,Centre-Est,Kouritenga,Kouritenga
Burkina Faso,Burkina Faso,NA,NA,Centre-Est,Centre-Est,Koulpelogo,Koulpelogo
Burkina Faso,Burkina Faso,NA,NA,Nord,Nord,Loroum,Loroum
Burkina Faso,Burkina Faso,NA,NA,Nord,Nord,Passore,Passore
Burkina Faso,Burkina Faso,NA,NA,Nord,Nord,Yatenga,Yatenga
Burkina Faso,Burkina Faso,NA,NA,Nord,Nord,Zondoma,Zondoma
Burkina Faso,Burkina Faso,NA,NA,Sud-Ouest,Sud-Ouest,Bougouriba,Bougouriba
Burkina Faso,Burkina Faso,NA,NA,Sud-Ouest,Sud-Ouest,Poni,Poni
Burkina Faso,Burkina Faso,NA,NA,Sud-Ouest,Sud-Ouest,Ioba,Ioba
Burkina Faso,Burkina Faso,NA,NA,Sud-Ouest,Sud-Ouest,Noumbiel,Noumbiel
Burkina Faso,Burkina Faso,NA,NA,Hauts-Bassins,Hauts-Bassins,Houet,Houet
Burkina Faso,Burkina Faso,NA,NA,Hauts-Bassins,Hauts-Bassins,Kenedougou,Kenedougou
Burkina Faso,Burkina Faso,NA,NA,Hauts-Bassins,Hauts-Bassins,Tuy,Tuy
Burkina Faso,Burkina Faso,NA,NA,Cascades,Cascades,Comoe,Comoe
Burkina Faso,Burkina Faso,NA,NA,Cascades,Cascades,Leraba,Leraba
Burkina Faso,Burkina Faso,NA,NA,CENTRE,Centre,Kadiogo rurale,Kadiogo Rurale
Burkina Faso,Burkina Faso,NA,NA,PLATEAU CENTRAL,Plateau Central,Ganzourgou,Ganzourgou
Burkina Faso,Burkina Faso,NA,NA,PLATEAU CENTRAL,Plateau Central,Oubritenga,Oubritenga
Burkina Faso,Burkina Faso,NA,NA,PLATEAU CENTRAL,Plateau Central,KourwÇogo,NA
Burkina Faso,Burkina Faso,NA,NA,CENTRE-SUD,Centre-Sud,Bazäga,NA
Burkina Faso,Burkina Faso,NA,NA,CENTRE-SUD,Centre-Sud,Nahouri,Nahouri
Burkina Faso,Burkina Faso,NA,NA,CENTRE-SUD,Centre-Sud,Zoundweogo,Zoundweogo
Burkina Faso,Burkina Faso,NA,NA,CENTRE-EST,Centre-Est,Boulgou,Boulgou
Burkina Faso,Burkina Faso,NA,NA,CENTRE-EST,Centre-Est,Kouritenga,Kouritenga
Burkina Faso,Burkina Faso,NA,NA,CENTRE-EST,Centre-Est,KoulpÇlgo,NA
Burkina Faso,Burkina Faso,NA,NA,HAUTS-BASSINS,Hauts-Bassins,Houet,Houet
Burkina Faso,Burkina Faso,NA,NA,HAUTS-BASSINS,Hauts-Bassins,KÇnÇdougou,NA
Burkina Faso,Burkina Faso,NA,NA,HAUTS-BASSINS,Hauts-Bassins,Tuy,Tuy
Burkina Faso,Burkina Faso,NA,NA,CASCADES,Cascades,ComoÇ,NA
Burkina Faso,Burkina Faso,NA,NA,CASCADES,Cascades,LÇraba,NA
Burkina Faso,Burkina Faso,NA,NA,CENTRE-NORD,Centre-Nord,Bam,Bam
Burkina Faso,Burkina Faso,NA,NA,CENTRE-NORD,Centre-Nord,Namentenga,Namentenga
Burkina Faso,Burkina Faso,NA,NA,CENTRE-NORD,Centre-Nord,Sanmatenga,Sanmatenga
Burkina Faso,Burkina Faso,NA,NA,CENTRE-OUEST,Centre-Ouest,BoulkiämdÇ,NA
Burkina Faso,Burkina Faso,NA,NA,CENTRE-OUEST,Centre-Ouest,SanguiÇ,NA
Burkina Faso,Burkina Faso,NA,NA,CENTRE-OUEST,Centre-Ouest,Sissili,Sissili
Burkina Faso,Burkina Faso,NA,NA,CENTRE-OUEST,Centre-Ouest,Ziro,Ziro
Burkina Faso,Burkina Faso,NA,NA,SAHEL,Sahel,Oudalan,Oudalan
Burkina Faso,Burkina Faso,NA,NA,SAHEL,Sahel,SÇno,NA
Burkina Faso,Burkina Faso,NA,NA,SAHEL,Sahel,Soum,Soum
Burkina Faso,Burkina Faso,NA,NA,SAHEL,Sahel,Yagha,Yagha
Burkina Faso,Burkina Faso,NA,NA,NORD,Nord,PassorÇ,NA
Burkina Faso,Burkina Faso,NA,NA,NORD,Nord,Yatenga,Yatenga
Burkina Faso,Burkina Faso,NA,NA,NORD,Nord,Loroum,Loroum
Burkina Faso,Burkina Faso,NA,NA,NORD,Nord,Zondoma,Zondoma
Burkina Faso,Burkina Faso,NA,NA,Boucle du Mouhoun,Boucle Du Mouhoun,BALES,Bales
Burkina Faso,Burkina Faso,NA,NA,Boucle du Mouhoun,Boucle Du Mouhoun,BANWA,Banwa
Burkina Faso,Burkina Faso,NA,NA,Boucle du Mouhoun,Boucle Du Mouhoun,KOSSI,Kossi
Burkina Faso,Burkina Faso,NA,NA,Boucle du Mouhoun,Boucle Du Mouhoun,MOUHOUN,Mouhoun
Burkina Faso,Burkina Faso,NA,NA,Boucle du Mouhoun,Boucle Du Mouhoun,NAYALA,Nayala
Burkina Faso,Burkina Faso,NA,NA,Boucle du Mouhoun,Boucle Du Mouhoun,SOUROU,Sourou
Burkina Faso,Burkina Faso,NA,NA,Sud Ouest,Sud Ouest,BOUGOURIBA,Bougouriba
Burkina Faso,Burkina Faso,NA,NA,Sud Ouest,Sud Ouest,IOBA,Ioba
Burkina Faso,Burkina Faso,NA,NA,Sud Ouest,Sud Ouest,NOUMBIEL,Noumbiel
Burkina Faso,Burkina Faso,NA,NA,Sud Ouest,Sud Ouest,PONI,Poni
Burkina Faso,Burkina Faso,NA,NA,Est,Est,GNAGNA,Gnagna
Burkina Faso,Burkina Faso,NA,NA,Est,Est,GOURMA,Gourma
Burkina Faso,Burkina Faso,NA,NA,Est,Est,KOMANDJOARI,Komandjoari
Burkina Faso,Burkina Faso,NA,NA,Est,Est,TAPOA,Tapoa
Burkina Faso,Burkina Faso,NA,NA,Est,Est,KOMPIENGA,Kompienga
Burkina Faso,Burkina Faso,NA,NA,CENTRE,Centre,Kadiogo,Kadiogo
Burkina Faso,Burkina Faso,NA,NA,MOUHOUN,Mouhoun,Kossi,Kossi
Burkina Faso,Burkina Faso,NA,NA,MOUHOUN,Mouhoun,Mouhoun,Mouhoun
Burkina Faso,Burkina Faso,NA,NA,MOUHOUN,Mouhoun,Sourou,Sourou
Burkina Faso,Burkina Faso,NA,NA,MOUHOUN,Mouhoun,BalÇ,NA
Burkina Faso,Burkina Faso,NA,NA,MOUHOUN,Mouhoun,Banwa,Banwa
Burkina Faso,Burkina Faso,NA,NA,MOUHOUN,Mouhoun,Nayala,Nayala
Burkina Faso,Burkina Faso,NA,NA,EST,Est,Gnagna,Gnagna
Burkina Faso,Burkina Faso,NA,NA,EST,Est,Gourma,Gourma
Burkina Faso,Burkina Faso,NA,NA,EST,Est,Tapoa,Tapoa
Burkina Faso,Burkina Faso,NA,NA,EST,Est,Komandjoari,Komandjoari
Burkina Faso,Burkina Faso,NA,NA,EST,Est,Kompienga,Kompienga
Burkina Faso,Burkina Faso,NA,NA,NORD,Nord,Lorum,Lorum
Burkina Faso,Burkina Faso,NA,NA,NORD,Nord,Passore,Passore
Burkina Faso,Burkina Faso,NA,NA,SUD-OUEST,Sud-Ouest,Bougouriba,Bougouriba
Burkina Faso,Burkina Faso,NA,NA,SUD-OUEST,Sud-Ouest,Poni,Poni
Burkina Faso,Burkina Faso,NA,NA,SUD-OUEST,Sud-Ouest,Ioba,Ioba
Burkina Faso,Burkina Faso,NA,NA,SUD-OUEST,Sud-Ouest,Noumbiel,Noumbiel
Burkina Faso,Burkina Faso,NA,NA,NORD,Nord,Zandoma,Zandoma
Burkina Faso,Burkina Faso,NA,NA,Centre,Centre,KADIOGO,Kadiogo
Burkina Faso,Burkina Faso,NA,NA,Plateau Central,Plateau Central,GANZOURGOU,Ganzourgou
Burkina Faso,Burkina Faso,NA,NA,Plateau Central,Plateau Central,OUBRITENGA,Oubritenga
Burkina Faso,Burkina Faso,NA,NA,Plateau Central,Plateau Central,KOURWEOGO,Kourweogo
Burkina Faso,Burkina Faso,NA,NA,Centre-Nord,Centre-Nord,BAM,Bam
Burkina Faso,Burkina Faso,NA,NA,Centre-Nord,Centre-Nord,NAMENTENGA,Namentenga
Burkina Faso,Burkina Faso,NA,NA,Centre-Nord,Centre-Nord,SANMATENGA,Sanmatenga
Burkina Faso,Burkina Faso,NA,NA,Centre-Ouest,Centre-Ouest,BOULKIEMDE,Boulkiemde
Burkina Faso,Burkina Faso,NA,NA,Centre-Ouest,Centre-Ouest,SANGUIE,Sanguie
Burkina Faso,Burkina Faso,NA,NA,Centre-Ouest,Centre-Ouest,SISSILI,Sissili
Burkina Faso,Burkina Faso,NA,NA,Centre-Ouest,Centre-Ouest,ZIRO,Ziro
Burkina Faso,Burkina Faso,NA,NA,Centre-Sud,Centre-Sud,BAZEGA,Bazega
Burkina Faso,Burkina Faso,NA,NA,Centre-Sud,Centre-Sud,NAHOURI,Nahouri
Burkina Faso,Burkina Faso,NA,NA,Centre-Sud,Centre-Sud,ZOUNDWEOGO,Zoundweogo
Burkina Faso,Burkina Faso,NA,NA,Sahel,Sahel,OUDALAN,Oudalan
Burkina Faso,Burkina Faso,NA,NA,Sahel,Sahel,SENO,Seno
Burkina Faso,Burkina Faso,NA,NA,Sahel,Sahel,SOUM,Soum
Burkina Faso,Burkina Faso,NA,NA,Sahel,Sahel,YAGHA,Yagha
Burkina Faso,Burkina Faso,NA,NA,Boucle du Mouhoun,Boucle Du Mouhoun,BALE,Bale
Burkina Faso,Burkina Faso,NA,NA,Centre-Est,Centre-Est,BOULGOU,Boulgou
Burkina Faso,Burkina Faso,NA,NA,Centre-Est,Centre-Est,KOURITENGA,Kouritenga
Burkina Faso,Burkina Faso,NA,NA,Centre-Est,Centre-Est,KOULPELOGO,Koulpelogo
Burkina Faso,Burkina Faso,NA,NA,Nord,Nord,PASSORE,Passore
Burkina Faso,Burkina Faso,NA,NA,Nord,Nord,YATENGA,Yatenga
Burkina Faso,Burkina Faso,NA,NA,Nord,Nord,LOROUM,Loroum
Burkina Faso,Burkina Faso,NA,NA,Nord,Nord,ZONDOMA,Zondoma
Burkina Faso,Burkina Faso,NA,NA,Sud-Ouest,Sud-Ouest,BOUGOURIBA,Bougouriba
Burkina Faso,Burkina Faso,NA,NA,Sud-Ouest,Sud-Ouest,PONI,Poni
Burkina Faso,Burkina Faso,NA,NA,Sud-Ouest,Sud-Ouest,IOBA,Ioba
Burkina Faso,Burkina Faso,NA,NA,Sud-Ouest,Sud-Ouest,NOUMBIEL,Noumbiel
Burkina Faso,Burkina Faso,NA,NA,Hauts-Bassins,Hauts-Bassins,HOUET,Houet
Burkina Faso,Burkina Faso,NA,NA,Hauts-Bassins,Hauts-Bassins,KENEDOUGOU,Kenedougou
Burkina Faso,Burkina Faso,NA,NA,Hauts-Bassins,Hauts-Bassins,TUY,Tuy
Burkina Faso,Burkina Faso,NA,NA,Cascades,Cascades,COMOE,Comoe
Burkina Faso,Burkina Faso,NA,NA,Cascades,Cascades,LERABA,Leraba
Cote d'Ivoire,Cote d'Ivoire,Nord,Nord,NA,NA,NA,NA
Cote d'Ivoire,Cote d'Ivoire,Ouest,Ouest,NA,NA,NA,NA
Cote d'Ivoire,Cote d'Ivoire,Nord Ouest,Nord Ouest,NA,NA,NA,NA
Cote d'Ivoire,Cote d'Ivoire,Nord Est,Nord Est,NA,NA,NA,NA
Cote d'Ivoire,Cote d'Ivoire,Centre,Centre,NA,NA,NA,NA
Cote d'Ivoire,Cote d'Ivoire,Centre Est,Centre Est,NA,NA,NA,NA
Cote d'Ivoire,Cote d'Ivoire,Centre Ouest,Centre Ouest,NA,NA,NA,NA
Cote d'Ivoire,Cote d'Ivoire,Sud Ouest,Sud Ouest,NA,NA,NA,NA
Cote d'Ivoire,Cote d'Ivoire,Sud,Sud,NA,NA,NA,NA
Cote d'Ivoire,Cote d'Ivoire,Centre Nord,Centre Nord,NA,NA,NA,NA
Cote d’Ivoire,Cote d'Ivoire,Nord,Nord,NA,NA,NA,NA
Cote d’Ivoire,Cote d'Ivoire,Ouest,Ouest,NA,NA,NA,NA
Cote d’Ivoire,Cote d'Ivoire,Nord Ouest,Nord Ouest,NA,NA,NA,NA
Cote d’Ivoire,Cote d'Ivoire,Nord Est,Nord Est,NA,NA,NA,NA
Cote d’Ivoire,Cote d'Ivoire,Centre,Centre,NA,NA,NA,NA
Cote d’Ivoire,Cote d'Ivoire,Centre Est,Centre Est,NA,NA,NA,NA
Cote d’Ivoire,Cote d'Ivoire,Centre Ouest,Centre Ouest,NA,NA,NA,NA
Cote d’Ivoire,Cote d'Ivoire,Sud Ouest,Sud Ouest,NA,NA,NA,NA
Cote d’Ivoire,Cote d'Ivoire,Sud,Sud,NA,NA,NA,NA
Cote d’Ivoire,Cote d'Ivoire,Centre Nord,Centre Nord,NA,NA,NA,NA
Cote d’Ivoire,Cote d'Ivoire,PAD NORD OUEST,Nord,Folon,Folon,NA,NA
Cote d’Ivoire,Cote d'Ivoire,PAD NORD OUEST,Nord,Kabadougou,Kabadougou,NA,NA
Cote d’Ivoire,Cote d'Ivoire,PAD NORD,Nord,PORO,Poro,NA,NA
Cote d’Ivoire,Cote d'Ivoire,PAD NORD,Nord,TCHOLOGO,Tchologo,NA,NA
Cote d’Ivoire,Cote d'Ivoire,PAD NORD,Nord,BAGOUE,Bagoue,NA,NA
Cote d’Ivoire,Cote d'Ivoire,PAD CENTRE OUEST,Centre Ouest,Région du GOH,Region Du Goh,NA,NA
Cote d’Ivoire,Cote d'Ivoire,PAD CENTRE OUEST,Centre Ouest,Région du GUEMON,Region Du Guemon,NA,NA
Cote d’Ivoire,Cote d'Ivoire,PAD CENTRE OUEST,Centre Ouest,Région de la MARAHOUE,Region De La Marahoue,NA,NA
Cote d’Ivoire,Cote d'Ivoire,PAD CENTRE OUEST,Centre Ouest,Région du HAUT-SASSANDRA,Region Du Haut-Sassandra,NA,NA
Cabo Verde,Cabo Verde,S. Nicolau,Sao Nicolau,R. Brava,Ribeira Brava,NA,NA
Cabo Verde,Cabo Verde,S. Nicolau,Sao Nicolau,Tarrafal,Tarrafal de Sao Nicolau,NA,NA
Cabo Verde,Cabo Verde,Sal,Sal,Sal,Sal,NA,NA
Cabo Verde,Cabo Verde,Santo Antao,Santo Antao,Ribeira Grande,Ribeira Grande,NA,NA
Cabo Verde,Cabo Verde,Santo Antao,Santo Antao,Paul,Paul,NA,NA
Cabo Verde,Cabo Verde,Santo Antao,Santo Antao,Porto Novo,Porto Novo,NA,NA
Cabo Verde,Cabo Verde,SANTIAGO,Santiago,Santa Catarina,Santa Catarina,NA,NA
Cabo Verde,Cabo Verde,SANTIAGO,Santiago,São Miguel,Sao Miguel,NA,NA
Cabo Verde,Cabo Verde,SANTIAGO,Santiago,Praia,Praia,NA,NA
Cabo Verde,Cabo Verde,SANTIAGO,Santiago,S.Lourenço dos Órgãos,Sao Lourenco dos Orgaos,NA,NA
Cabo Verde,Cabo Verde,FOGO,Fogo,São Filipe,Sao Filipe,NA,NA
Cabo Verde,Cabo Verde,FOGO,Fogo,Mosteiros,Mosteiros,NA,NA
Cabo Verde,Cabo Verde,FOGO,Fogo,Santa Catarina,Santa Catarina,NA,NA
Cabo Verde,Cabo Verde,MAIO,Maio,Maio,Maio,NA,NA
Cabo Verde,Cabo Verde,BRAVA,Brava,Brava,Brava,NA,NA
Cabo Verde,Cabo Verde,Santiago,Santiago,Praia,Praia,NA,NA
Cabo Verde,Cabo Verde,Santiago,Santiago,Ribeira GST,Ribeira Grande de Santiago,NA,NA
Cabo Verde,Cabo Verde,Santiago,Santiago,S: Cruz,Santa Cruz,NA,NA
Cabo Verde,Cabo Verde,Santiago,Santiago,Tarrafal,Tarrafal,NA,NA
Cabo Verde,Cabo Verde,Santiago,Santiago,S. Domingos,Sao Domingos,NA,NA
Cabo Verde,Cabo Verde,S.Vicente,Sao Vicente,Mindelo,Sao Vicente,NA,NA
Cabo Verde,Cabo Verde,Boa Vista,Boa Vista,Boa Vista,Boa Vista,NA,NA
Cabo Verde,Cabo Verde,Santo Antao,Santo Antao,São Miguel,Sao Miguel,NA,NA
Cabo Verde,Cabo Verde,Santiago,Santiago,Santa Catarina,Santa Catarina,NA,NA
Cabo Verde,Cabo Verde,Santiago,Santiago,S.Lourenço dos Órgãos,Sao Lourenco dos Orgaos,NA,NA
Cabo Verde,Cabo Verde,Santiago,Santiago,São Lourenço dos Orgãos,Sao Lourenco dos Orgaos,NA,NA
Cabo Verde,Cabo Verde,Santiago,Santiago,São Salvador do Mundo,Sao Salvador do Mundo,NA,NA
Cabo Verde,Cabo Verde,S. Antao,Santo Antao,Ribeira Grande,Ribeira Grande,NA,NA
Cabo Verde,Cabo Verde,S. Antao,Santo Antao,Porto Novo,Porto Novo,NA,NA
Cabo Verde,Cabo Verde,S. Antao,Santo Antao,Paul,Paul,NA,NA
Cabo Verde,Cabo Verde,S. Nicolau,Sao Nicolau,Ribeira Brava,Ribeira Brava,NA,NA
Cabo Verde,Cabo Verde,S. Vicente,Sao Vicente,S. Vicente,Sao Vicente,NA,NA
Cabo Verde,Cabo Verde,Santiago,Santiago,S. L. Orgãos,Sao Lourenco dos Orgaos,NA,NA
Cabo Verde,Cabo Verde,Santiago,Santiago,S. S. Mundo,Sao Salvador do Mundo,NA,NA
Cabo Verde,Cabo Verde,Boa Vista,Boa Vista,B. Vista,Boa Vista,NA,NA
Cabo Verde,Cabo Verde,SANTIAGO,Santiago,PRAIA,Praia,NA,NA
Cabo Verde,Cabo Verde,SANTIAGO,Santiago,Rª G SANTIAGO,Ribeira Grande de Santiago,NA,NA
Cabo Verde,Cabo Verde,SANTIAGO,Santiago,S. DOMINGOS,Sao Domingos,NA,NA
Cabo Verde,Cabo Verde,SANTIAGO,Santiago,STA CRUZ,Santa Cruz,NA,NA
Cabo Verde,Cabo Verde,SANTIAGO,Santiago,S. L. ÓGÃOS,Sao Lourenco dos Orgaos,NA,NA
Cabo Verde,Cabo Verde,SANTIAGO,Santiago,S. S. MUNDO,Sao Salvador do Mundo,NA,NA
Cabo Verde,Cabo Verde,BOA VISTA,Boa Vista,BOA VISTA,Boa Vista,NA,NA
Cabo Verde,Cabo Verde,S. ANTAO,Santo Antao,Ribeira Grande,Ribeira Grande,NA,NA
Cabo Verde,Cabo Verde,S. ANTAO,Santo Antao,Porto Novo,Porto Novo,NA,NA
Cabo Verde,Cabo Verde,S. ANTAO,Santo Antao,Paul,Paul,NA,NA
Cabo Verde,Cabo Verde,S. NICOLAU,Sao Nicolau,Ribeira Brava,Ribeira Brava,NA,NA
Cabo Verde,Cabo Verde,S. NICOLAU,Sao Nicolau,Tarrafal,Tarrafal de Sao Nicolau,NA,NA
Cabo Verde,Cabo Verde,S. VICENTE,Sao Vicente,S. Vicente,Sao Vicente,NA,NA
Cabo Verde,Cabo Verde,SAL,Sal,Sal,Sal,NA,NA
Cabo Verde,Cabo Verde,SANTIAGO,Santiago,Tarrafal,Tarrafal,NA,NA
Cabo Verde,Cabo Verde,SANTIAGO,Santiago,Rª Grande,Ra Grande,NA,NA
Cabo Verde,Cabo Verde,SANTIAGO,Santiago,São Domingos,Sao Domingos,NA,NA
Cabo Verde,Cabo Verde,SANTIAGO,Santiago,S. L. Órgãos,Sao Lourenco dos Orgaos,NA,NA
Cabo Verde,Cabo Verde,SANTIAGO,Santiago,Sta Cruz,Santa Cruz,NA,NA
Cabo Verde,Cabo Verde,SANTIAGO,Santiago,S. S. Mundo,Sao Salvador do Mundo,NA,NA
Cabo Verde,Cabo Verde,SANTIAGO,Santiago,TARRAFAL ST,Tarrafal,NA,NA
Cabo Verde,Cabo Verde,SANTIAGO,Santiago,SANTA CATARINA,Santa Catarina,NA,NA
Cabo Verde,Cabo Verde,SANTIAGO,Santiago,SÃO MIGUEL,Sao Miguel,NA,NA
Cabo Verde,Cabo Verde,BOA VISTA,Boa Vista,Boa Vista,Boa Vista,NA,NA
Cabo Verde,Cabo Verde,S. ANTAO,Santo Antao,RIBEIRA GRANDE,Ribeira Grande,NA,NA
Cabo Verde,Cabo Verde,S. ANTAO,Santo Antao,PORTO NOVO,Porto Novo,NA,NA
Cabo Verde,Cabo Verde,S. ANTAO,Santo Antao,PAUL,Paul,NA,NA
Cabo Verde,Cabo Verde,S. NICOLAU,Sao Nicolau,RIBEIRA BRAVA,Ribeira Brava,NA,NA
Cabo Verde,Cabo Verde,S. NICOLAU,Sao Nicolau,TARRAFAL SN,Tarrafal de Sao Nicolau,NA,NA
Cabo Verde,Cabo Verde,SÃO  VICENTE,Sao Vicente,SÃO VICENTE,Sao Vicente,NA,NA
Cabo Verde,Cabo Verde,SAL,Sal,SAL,Sal,NA,NA
Cabo Verde,Cabo Verde,FOGO,Fogo,SÃO FILIPE,Sao Filipe,NA,NA
Cabo Verde,Cabo Verde,FOGO,Fogo,MOSTEIROS,Mosteiros,NA,NA
Cabo Verde,Cabo Verde,FOGO,Fogo,SANTA CATARINA,Santa Catarina,NA,NA
Cabo Verde,Cabo Verde,MAIO,Maio,MAIO,Maio,NA,NA
Cabo Verde,Cabo Verde,BRAVA,Brava,BRAVA,Brava,NA,NA
Cabo Verde,Cabo Verde,FOGO,Fogo,Santa Catarina de Fogo,Santa Catarina do Fogo,NA,NA
Cabo Verde,Cabo Verde,S.Vicente,Sao Vicente,S.Vicente,Sao Vicente,NA,NA
Cabo Verde,Cabo Verde,Santiago,Santiago,S. Cruz,Santa Cruz,NA,NA
Cabo Verde,Cabo Verde,Santiago,Santiago,São Miguel,Sao Miguel,NA,NA
Cabo Verde,Cabo Verde,Santiago,Santiago,São Domingos,Sao Domingos,NA,NA
Cabo Verde,Cabo Verde,Santiago,Santiago,Sao salvadordo Mundo,Sao Salvador do Mundo,NA,NA
Cabo Verde,Cabo Verde,Santiago,Santiago,São Lourenço dos Órgãos,Sao Lourenco dos Orgaos,NA,NA
Cabo Verde,Cabo Verde,Santiago,Santiago,Ribeira Grande de Santiago,Ribeira Grande de Santiago,NA,NA
Cabo Verde,Cabo Verde,S. NICOLAU,Sao Nicolau,RIBEIRA BRAVO,Ribeira Brava,NA,NA
Ghana,Ghana,NA,NA,Northern,Northern,NA,NA
Ghana,Ghana,NA,NA,Upper East,Upper East,NA,NA
Ghana,Ghana,NA,NA,Upper West,Upper West,NA,NA
Ghana,Ghana,NA,NA,Brong Ahafo,Brong Ahafo,NA,NA
Ghana,Ghana,NA,NA,Ashanti,Ashanti,NA,NA
Ghana,Ghana,NA,NA,Western,Western,NA,NA
Ghana,Ghana,NA,NA,Central,Central,NA,NA
Ghana,Ghana,NA,NA,Greater Accra,Greater Accra,NA,NA
Ghana,Ghana,NA,NA,Volta,Volta,NA,NA
Ghana,Ghana,NA,NA,Eastern,Eastern,NA,NA
Ghana,Ghana,NA,NA,Central Region,Central Region,NA,NA
Ghana,Ghana,NA,NA,Volta Region,Volta Region,NA,NA
Ghana,Ghana,NA,NA,Estearn,Estearn,NA,NA
Ghana,Ghana,NA,NA,Greater Acra,Greater Acra,NA,NA
Ghana,Ghana,NA,NA,Central region,Central Region,NA,NA
Ghana,Ghana,NA,NA,Greater Acrra,Greater Acrra,NA,NA
Guinea,Guinea,NA,NA,Boke,Boke,Boffa,Boffa
Guinea,Guinea,NA,NA,Boke,Boke,Boke,Boke
Guinea,Guinea,NA,NA,Boke,Boke,Fria,Fria
Guinea,Guinea,NA,NA,Boke,Boke,Gaoual,Gaoual
Guinea,Guinea,NA,NA,Boke,Boke,Koundara,Koundara
Guinea,Guinea,NA,NA,Conakry,Conakry,Conakry,Conakry
Guinea,Guinea,NA,NA,Faranah,Faranah,Dabola,Dabola
Guinea,Guinea,NA,NA,Faranah,Faranah,Dinguiraye,Dinguiraye
Guinea,Guinea,NA,NA,Faranah,Faranah,Faranah,Faranah
Guinea,Guinea,NA,NA,Faranah,Faranah,Kissidougou,Kissidougou
Guinea,Guinea,NA,NA,Kankan,Kankan,Kankan,Kankan
Guinea,Guinea,NA,NA,Kankan,Kankan,Kerouane,Kerouane
Guinea,Guinea,NA,NA,Kankan,Kankan,Kouroussa,Kouroussa
Guinea,Guinea,NA,NA,Kankan,Kankan,Mandiana,Mandiana
Guinea,Guinea,NA,NA,Kankan,Kankan,Siguiri,Siguiri
Guinea,Guinea,NA,NA,Kindia,Kindia,Coyah,Coyah
Guinea,Guinea,NA,NA,Kindia,Kindia,Dubreka,Dubreka
Guinea,Guinea,NA,NA,Kindia,Kindia,Forecariah,Forecariah
Guinea,Guinea,NA,NA,Kindia,Kindia,Kindia,Kindia
Guinea,Guinea,NA,NA,Kindia,Kindia,Telimele,Telimele
Guinea,Guinea,NA,NA,Labe,Labe,Koubia,Koubia
Guinea,Guinea,NA,NA,Labe,Labe,Labe,Labe
Guinea,Guinea,NA,NA,Labe,Labe,Lelouma,Lelouma
Guinea,Guinea,NA,NA,Labe,Labe,Mali,Mali
Guinea,Guinea,NA,NA,Labe,Labe,Tougue,Tougue
Guinea,Guinea,NA,NA,Mamou,Mamou,Dalaba,Dalaba
Guinea,Guinea,NA,NA,Mamou,Mamou,Mamou,Mamou
Guinea,Guinea,NA,NA,Mamou,Mamou,Pita,Pita
Guinea,Guinea,NA,NA,Nzerekore,Nzerekore,Beyla,Beyla
Guinea,Guinea,NA,NA,Nzerekore,Nzerekore,Gueckedou,Gueckedou
Guinea,Guinea,NA,NA,Nzerekore,Nzerekore,Lola,Lola
Guinea,Guinea,NA,NA,Nzerekore,Nzerekore,Macenta,Macenta
Guinea,Guinea,NA,NA,Nzerekore,Nzerekore,Nzerekore,Nzerekore
Guinea,Guinea,NA,NA,Nzerekore,Nzerekore,Yomou,Yomou
Guinea,Guinea,NA,NA,Boke,Boke,NA,NA
Guinea,Guinea,NA,NA,Conakry,Conakry,NA,NA
Guinea,Guinea,NA,NA,Faranah,Faranah,NA,NA
Guinea,Guinea,NA,NA,Kankan,Kankan,NA,NA
Guinea,Guinea,NA,NA,Kindia,Kindia,NA,NA
Guinea,Guinea,NA,NA,Labe,Labe,NA,NA
Guinea,Guinea,NA,NA,Mamou,Mamou,NA,NA
Guinea,Guinea,NA,NA,Nzerekore,Nzerekore,NA,NA
Guinea,Guinea,NA,NA,BOKE,Boke,BOFFA,Boffa
Guinea,Guinea,NA,NA,BOKE,Boke,BOKE,Boke
Guinea,Guinea,NA,NA,BOKE,Boke,FRIA,Fria
Guinea,Guinea,NA,NA,BOKE,Boke,GAOUAL,Gaoual
Guinea,Guinea,NA,NA,BOKE,Boke,KOUNDARA,Koundara
Guinea,Guinea,NA,NA,FARANAH,Faranah,DABOLA,Dabola
Guinea,Guinea,NA,NA,FARANAH,Faranah,DINGUIRAYE,Dinguiraye
Guinea,Guinea,NA,NA,FARANAH,Faranah,FARANAH,Faranah
Guinea,Guinea,NA,NA,FARANAH,Faranah,KISSIDOUGOU,Kissidougou
Guinea,Guinea,NA,NA,KANKAN,Kankan,KANKAN,Kankan
Guinea,Guinea,NA,NA,KANKAN,Kankan,KEROUANE,Kerouane
Guinea,Guinea,NA,NA,KANKAN,Kankan,KOUROUSSA,Kouroussa
Guinea,Guinea,NA,NA,KANKAN,Kankan,MANDIANA,Mandiana
Guinea,Guinea,NA,NA,KANKAN,Kankan,SIGUIRI,Siguiri
Guinea,Guinea,NA,NA,KINDIA,Kindia,COYAH,Coyah
Guinea,Guinea,NA,NA,KINDIA,Kindia,DUBREKA,Dubreka
Guinea,Guinea,NA,NA,KINDIA,Kindia,FORECARIAH,Forecariah
Guinea,Guinea,NA,NA,KINDIA,Kindia,KINDIA,Kindia
Guinea,Guinea,NA,NA,KINDIA,Kindia,TELEMELE,Telemele
Guinea,Guinea,NA,NA,LABE,Labe,KOUBIA,Koubia
Guinea,Guinea,NA,NA,LABE,Labe,LABE,Labe
Guinea,Guinea,NA,NA,LABE,Labe,LELOUMA,Lelouma
Guinea,Guinea,NA,NA,LABE,Labe,MALI,Mali
Guinea,Guinea,NA,NA,LABE,Labe,TOUGUE,Tougue
Guinea,Guinea,NA,NA,MAMOU,Mamou,DALABA,Dalaba
Guinea,Guinea,NA,NA,MAMOU,Mamou,MAMOU,Mamou
Guinea,Guinea,NA,NA,MAMOU,Mamou,PITA,Pita
Guinea,Guinea,NA,NA,N'ZEREKORE,N'zerekore,BEYLA,Beyla
Guinea,Guinea,NA,NA,N'ZEREKORE,N'zerekore,GUECKEDOU,Gueckedou
Guinea,Guinea,NA,NA,N'ZEREKORE,N'zerekore,LOLA,Lola
Guinea,Guinea,NA,NA,N'ZEREKORE,N'zerekore,MACENTA,Macenta
Guinea,Guinea,NA,NA,N'ZEREKORE,N'zerekore,N'ZEREKORE,N'zerekore
Guinea,Guinea,NA,NA,N'ZEREKORE,N'zerekore,YOMOU,Yomou
Gambia,Gambia,NA,NA,WCR,Brikama,NA,NA
Gambia,Gambia,NA,NA,LRR,Mansa Konko,NA,NA
Gambia,Gambia,NA,NA,URR,Basse,NA,NA
Gambia,Gambia,NA,NA,CRRN,Kuntaur,NA,NA
Gambia,Gambia,NA,NA,CRRS,Janjanbureh,NA,NA
Gambia,Gambia,NA,NA,NBR,Kerewan,NA,NA
Gambia,Gambia,NA,NA,BANJUL,Banjul,NA,NA
Gambia,Gambia,NA,NA,KMC,Kanifing,NA,NA
Gambia,Gambia,NA,NA,West Coast Region,Brikama,NA,NA
Gambia,Gambia,NA,NA,Lower River Region,Mansa Konko,NA,NA
Gambia,Gambia,NA,NA,North Bank Region,Kerewan,NA,NA
Gambia,Gambia,NA,NA,Central River Region (N),Kuntaur,NA,NA
Gambia,Gambia,NA,NA,Central River Region (S),Janjanbureh,NA,NA
Gambia,Gambia,NA,NA,Upper River Region,Basse,NA,NA
Gambia,Gambia,NA,NA,CRR n,Kuntaur,NA,NA
Gambia,Gambia,NA,NA,CRR s,Janjanbureh,NA,NA
Gambia,Gambia,NA,NA,BJL,Banjul,NA,NA
Gambia,Gambia,NA,NA,Central River (N),Kuntaur,NA,NA
Gambia,Gambia,NA,NA,Central River (S),Janjanbureh,NA,NA
Gambia,Gambia,NA,NA,Lower River,Mansa Konko,NA,NA
Gambia,Gambia,NA,NA,North Bank,Kerewan,NA,NA
Gambia,Gambia,NA,NA,Upper River,Basse,NA,NA
Gambia,Gambia,NA,NA,West Coast,Brikama,NA,NA
Guinea-Bissau,Guinea-Bissau,NA,NA,Bafata,Bafata,NA,NA
Guinea-Bissau,Guinea-Bissau,NA,NA,Quinara,Quinara,NA,NA
Guinea-Bissau,Guinea-Bissau,NA,NA,OIO,Oio,NA,NA
Guinea-Bissau,Guinea-Bissau,NA,NA,Biombo,Biombo,NA,NA
Guinea-Bissau,Guinea-Bissau,NA,NA,CACHEU,Cacheu,NA,NA
Guinea-Bissau,Guinea-Bissau,NA,NA,GABU,Gabu,NA,NA
Guinea-Bissau,Guinea-Bissau,NA,NA,BOLAMA,Bolama-Bijagos,NA,NA
Guinea-Bissau,Guinea-Bissau,NA,NA,TOMBALI,Tombali,NA,NA
Guinea-Bissau,Guinea-Bissau,NA,NA,BAFATA,Bafata,NA,NA
Guinea-Bissau,Guinea-Bissau,NA,NA,QUINARA,Quinara,NA,NA
Guinea-Bissau,Guinea-Bissau,NA,NA,BIOMBO,Biombo,NA,NA
Guinea-Bissau,Guinea-Bissau,NA,NA,Cacheu,Cacheu,NA,NA
Guinea-Bissau,Guinea-Bissau,NA,NA,Oio,Oio,NA,NA
Guinea-Bissau,Guinea-Bissau,NA,NA,Gabu,Gabu,NA,NA
Guinea-Bissau,Guinea-Bissau,NA,NA,Tombali,Tombali,NA,NA
Guinea-Bissau,Guinea-Bissau,NA,NA,Bolama-Bijagos,Bolama-Bijagos,NA,NA
Guinea-Bissau,Guinea-Bissau,NA,NA,Bolama,Bolama-Bijagos,NA,NA
Liberia,Liberia,NA,NA,Bomi,Bomi,NA,NA
Liberia,Liberia,NA,NA,Bong,Bong,NA,NA
Liberia,Liberia,NA,NA,Gbarpolu,Gbarpolu,NA,NA
Liberia,Liberia,NA,NA,Grand Bassa,Grand Bassa,NA,NA
Liberia,Liberia,NA,NA,Grand Cape Mount,Grand Cape Mount,NA,NA
Liberia,Liberia,NA,NA,Grand Gedeh,Grand Gedeh,NA,NA
Liberia,Liberia,NA,NA,Grand Kru,Grand Kru,NA,NA
Liberia,Liberia,NA,NA,Lofa,Lofa,NA,NA
Liberia,Liberia,NA,NA,Margibi,Margibi,NA,NA
Liberia,Liberia,NA,NA,Maryland,Maryland,NA,NA
Liberia,Liberia,NA,NA,Montserrado,Montserrado,NA,NA
Liberia,Liberia,NA,NA,Nimba,Nimba,NA,NA
Liberia,Liberia,NA,NA,River Gee,River Gee,NA,NA
Liberia,Liberia,NA,NA,Rivercess,Rivercess,NA,NA
Liberia,Liberia,NA,NA,Sinoe,Sinoe,NA,NA
Liberia,Liberia,NA,NA,NORTH CENTRAL,North Central,Bong,Bong
Liberia,Liberia,NA,NA,NORTH CENTRAL,North Central,Lofa,Lofa
Liberia,Liberia,NA,NA,NORTH CENTRAL,North Central,Grand Bassa,Grand Bassa
Liberia,Liberia,NA,NA,NORTH CENTRAL,North Central,River Cess,River Cess
Liberia,Liberia,NA,NA,NORTH CENTRAL,North Central,Nimba,Nimba
Liberia,Liberia,NA,NA,WESTERN,Western,Grand Cape Mount,Grand Cape Mount
Liberia,Liberia,NA,NA,WESTERN,Western,Gbarpolu,Gbarpolu
Liberia,Liberia,NA,NA,WESTERN,Western,Bomi,Bomi
Liberia,Liberia,NA,NA,WESTERN,Western,Montserrado,Montserrado
Liberia,Liberia,NA,NA,WESTERN,Western,Margibi,Margibi
Liberia,Liberia,NA,NA,SOUTH EASTERN,South Eastern,Grand Gedeh,Grand Gedeh
Liberia,Liberia,NA,NA,SOUTH EASTERN,South Eastern,Grand Kru,Grand Kru
Liberia,Liberia,NA,NA,SOUTH EASTERN,South Eastern,Maryland,Maryland
Liberia,Liberia,NA,NA,SOUTH EASTERN,South Eastern,Sinoe,Sinoe
Liberia,Liberia,NA,NA,SOUTH EASTERN,South Eastern,River Gee,River Gee
MALI,Mali,NA,NA,Kayes,Kayes,Kenieba,Kenieba
MALI,Mali,NA,NA,Kayes,Kayes,Bafoulabe,Bafoulabe
MALI,Mali,NA,NA,Kayes,Kayes,Diema,Diema
MALI,Mali,NA,NA,Kayes,Kayes,Nioro,Nioro
MALI,Mali,NA,NA,Kayes,Kayes,Kayes,Kayes
MALI,Mali,NA,NA,Kayes,Kayes,Kita,Kita
MALI,Mali,NA,NA,Kayes,Kayes,Yelimane,Yelimane
MALI,Mali,NA,NA,Koulikoro,Koulikoro,Nara,Nara
MALI,Mali,NA,NA,Koulikoro,Koulikoro,Koulikoro,Koulikoro
MALI,Mali,NA,NA,Koulikoro,Koulikoro,Banamba,Banamba
MALI,Mali,NA,NA,Koulikoro,Koulikoro,Dioila,Dioila
MALI,Mali,NA,NA,Koulikoro,Koulikoro,Kangaba,Kangaba
MALI,Mali,NA,NA,Koulikoro,Koulikoro,Kati,Kati
MALI,Mali,NA,NA,Koulikoro,Koulikoro,Kolokani,Kolokani
MALI,Mali,NA,NA,Sikasso,Sikasso,Sikasso,Sikasso
MALI,Mali,NA,NA,Sikasso,Sikasso,Bougouni,Bougouni
MALI,Mali,NA,NA,Sikasso,Sikasso,Kadiolo,Kadiolo
MALI,Mali,NA,NA,Sikasso,Sikasso,Kolondieba,Kolondieba
MALI,Mali,NA,NA,Sikasso,Sikasso,Koutiala,Koutiala
MALI,Mali,NA,NA,Sikasso,Sikasso,Yanfolila,Yanfolila
MALI,Mali,NA,NA,Sikasso,Sikasso,Yorosso,Yorosso
MALI,Mali,NA,NA,Segou,Segou,Segou,Segou
MALI,Mali,NA,NA,Segou,Segou,Baroueli,Baroueli
MALI,Mali,NA,NA,Segou,Segou,Bla,Bla
MALI,Mali,NA,NA,Segou,Segou,Macina,Macina
MALI,Mali,NA,NA,Segou,Segou,Niono,Niono
MALI,Mali,NA,NA,Segou,Segou,San,San
MALI,Mali,NA,NA,Segou,Segou,Tominian,Tominian
MALI,Mali,NA,NA,Mopti,Mopti,Mopti,Mopti
MALI,Mali,NA,NA,Mopti,Mopti,Bandiagara,Bandiagara
MALI,Mali,NA,NA,Mopti,Mopti,Bankass,Bankass
MALI,Mali,NA,NA,Mopti,Mopti,Djenne,Djenne
MALI,Mali,NA,NA,Mopti,Mopti,Douentza,Douentza
MALI,Mali,NA,NA,Mopti,Mopti,Koro,Koro
MALI,Mali,NA,NA,Mopti,Mopti,Tenenkou,Tenenkou
MALI,Mali,NA,NA,Mopti,Mopti,Youwarou,Youwarou
MALI,Mali,NA,NA,Tombouctou,Tombouctou,Tombouctou,Tombouctou
MALI,Mali,NA,NA,Tombouctou,Tombouctou,Niafunke,Niafunke
MALI,Mali,NA,NA,Tombouctou,Tombouctou,Gourma-Rharous,Gourma-Rharous
MALI,Mali,NA,NA,Tombouctou,Tombouctou,Goundam,Goundam
MALI,Mali,NA,NA,Tombouctou,Tombouctou,Dire,Dire
MALI,Mali,NA,NA,Gao,Gao,Ansongo,Ansongo
MALI,Mali,NA,NA,Gao,Gao,Bourem,Bourem
MALI,Mali,NA,NA,Gao,Gao,Gao,Gao
MALI,Mali,NA,NA,Gao,Gao,Menaka,Menaka
MALI,Mali,NA,NA,Kidal,Kidal,Abeibara,Abeibara
MALI,Mali,NA,NA,Kidal,Kidal,Tin-Essako,Tin-Essako
MALI,Mali,NA,NA,Kidal,Kidal,Tessalit,Tessalit
MALI,Mali,NA,NA,Kidal,Kidal,Kidal,Kidal
MALI,Mali,NA,NA,Mopti,Mopti,Baroueli,Baroueli
MALI,Mali,NA,NA,Bamako,Bamako,Commune I,Commune I
MALI,Mali,NA,NA,Bamako,Bamako,Commune Ii,Commune Ii
MALI,Mali,NA,NA,Bamako,Bamako,Commune Iii,Commune Iii
MALI,Mali,NA,NA,Bamako,Bamako,Commune Iv,Commune Iv
MALI,Mali,NA,NA,Bamako,Bamako,Commune V,Commune V
MALI,Mali,NA,NA,Bamako,Bamako,Commune Vi,Commune Vi
MALI,Mali,NA,NA,Bamako,Bamako,Commune II,Commune Ii
MALI,Mali,NA,NA,Bamako,Bamako,Commune III,Commune Iii
MALI,Mali,NA,NA,Bamako,Bamako,Commune IV,Commune Iv
MALI,Mali,NA,NA,Bamako,Bamako,Commune VI,Commune Vi
MALI,Mali,NA,NA,Tombouctou,Tombouctou,NA,NA
MALI,Mali,NA,NA,Kidal,Kidal,NA,NA
MALI,Mali,NA,NA,Koulikoro,Koulikoro,NA,NA
MALI,Mali,NA,NA,Kayes,Kayes,NA,NA
MALI,Mali,NA,NA,Segou,Segou,NA,NA
MALI,Mali,NA,NA,Sikasso,Sikasso,NA,NA
MALI,Mali,NA,NA,Gao,Gao,NA,NA
MALI,Mali,NA,NA,Mopti,Mopti,NA,NA
MALI,Mali,NA,NA,Bamako,Bamako,NA,NA
Mauritania,Mauritania,NA,NA,Brakna,Brakna,NA,NA
Mauritania,Mauritania,NA,NA,Guidimakha,Guidimakha,NA,NA
Mauritania,Mauritania,NA,NA,Tagant,Tagant,NA,NA
Mauritania,Mauritania,NA,NA,Adrar,Adrar,NA,NA
Mauritania,Mauritania,NA,NA,Dakhlet-Nouadhibou,Dakhlet-Nouadhibou,NA,NA
Mauritania,Mauritania,NA,NA,Tiris-Zemmour,Tiris-Zemmour,NA,NA
Mauritania,Mauritania,NA,NA,Inchiri,Inchiri,NA,NA
Mauritania,Mauritania,NA,NA,Gorgol,Gorgol,NA,NA
Mauritania,Mauritania,NA,NA,Nouakchott,Nouakchott,NA,NA
Mauritania,Mauritania,NA,NA,Trarza,Trarza,NA,NA
Mauritania,Mauritania,NA,NA,Hodh Ech Chargi,Hodh Ech Chargi,NA,NA
Mauritania,Mauritania,NA,NA,Hodh El Gharbi,Hodh El Gharbi,NA,NA
Mauritania,Mauritania,NA,NA,Assaba,Assaba,NA,NA
Niger,Niger,NA,NA,Agadez,Agadez,Aderbissinat,Aderbissinat
Niger,Niger,NA,NA,Agadez,Agadez,Arlit,Arlit
Niger,Niger,NA,NA,Agadez,Agadez,Bilma,Bilma
Niger,Niger,NA,NA,Agadez,Agadez,Iferouane,Iferouane
Niger,Niger,NA,NA,Agadez,Agadez,In-Gall,In-Gall
Niger,Niger,NA,NA,Agadez,Agadez,Tchirozerine,Tchirozerine
Niger,Niger,NA,NA,Diffa,Diffa,Nguigmi,Nguigmi
Niger,Niger,NA,NA,Diffa,Diffa,Ngourti,Ngourti
Niger,Niger,NA,NA,Diffa,Diffa,Goudoumaria,Goudoumaria
Niger,Niger,NA,NA,Diffa,Diffa,Maine Soroa,Maine Soroa
Niger,Niger,NA,NA,Diffa,Diffa,Diffa,Diffa
Niger,Niger,NA,NA,Diffa,Diffa,Bosso,Bosso
Niger,Niger,NA,NA,Dosso,Dosso,Boboye,Boboye
Niger,Niger,NA,NA,Dosso,Dosso,Dosso,Dosso
Niger,Niger,NA,NA,Dosso,Dosso,Dioudiou,Dioudiou
Niger,Niger,NA,NA,Dosso,Dosso,Doutchi,Doutchi
Niger,Niger,NA,NA,Dosso,Dosso,Falmey,Falmey
Niger,Niger,NA,NA,Dosso,Dosso,Gaya,Gaya
Niger,Niger,NA,NA,Dosso,Dosso,Loga,Loga
Niger,Niger,NA,NA,Dosso,Dosso,Tibiri,Tibiri
Niger,Niger,NA,NA,Maradi,Maradi,Aguie,Aguie
Niger,Niger,NA,NA,Maradi,Maradi,Dakoro,Dakoro
Niger,Niger,NA,NA,Maradi,Maradi,Gazaoua,Gazaoua
Niger,Niger,NA,NA,Maradi,Maradi,Bermo,Bermo
Niger,Niger,NA,NA,Maradi,Maradi,Mayahi,Mayahi
Niger,Niger,NA,NA,Maradi,Maradi,Tessaoua,Tessaoua
Niger,Niger,NA,NA,Maradi,Maradi,Madarounfa,Madarounfa
Niger,Niger,NA,NA,Maradi,Maradi,Guidan Roumji,Guidan Roumji
Niger,Niger,NA,NA,Tahoua,Tahoua,Abalak,Abalak
Niger,Niger,NA,NA,Tahoua,Tahoua,Tchintabaraden,Tchintabaraden
Niger,Niger,NA,NA,Tahoua,Tahoua,Tassara,Tassara
Niger,Niger,NA,NA,Tahoua,Tahoua,Tillia,Tillia
Niger,Niger,NA,NA,Tahoua,Tahoua,Tahoua,Tahoua
Niger,Niger,NA,NA,Tahoua,Tahoua,Keita,Keita
Niger,Niger,NA,NA,Tahoua,Tahoua,Illela,Illela
Niger,Niger,NA,NA,Tahoua,Tahoua,Bouza,Bouza
Niger,Niger,NA,NA,Tahoua,Tahoua,Bagaroua,Bagaroua
Niger,Niger,NA,NA,Tahoua,Tahoua,Madaoua,Madaoua
Niger,Niger,NA,NA,Tahoua,Tahoua,Malbaza,Malbaza
Niger,Niger,NA,NA,Tahoua,Tahoua,Konni,Konni
Niger,Niger,NA,NA,Tillaberi,Tillaberi,Abala,Abala
Niger,Niger,NA,NA,Tillaberi,Tillaberi,Filingue,Filingue
Niger,Niger,NA,NA,Tillaberi,Tillaberi,Bani Bangou,Bani Bangou
Niger,Niger,NA,NA,Tillaberi,Tillaberi,Ouallam,Ouallam
Niger,Niger,NA,NA,Tillaberi,Tillaberi,Tillaberi,Tillaberi
Niger,Niger,NA,NA,Tillaberi,Tillaberi,Tera,Tera
Niger,Niger,NA,NA,Tillaberi,Tillaberi,Bankillare,Bankillare
Niger,Niger,NA,NA,Tillaberi,Tillaberi,Gotheye,Gotheye
Niger,Niger,NA,NA,Tillaberi,Tillaberi,Say,Say
Niger,Niger,NA,NA,Tillaberi,Tillaberi,Torodi,Torodi
Niger,Niger,NA,NA,Tillaberi,Tillaberi,Kollo,Kollo
Niger,Niger,NA,NA,Tillaberi,Tillaberi,Balleyara,Balleyara
Niger,Niger,NA,NA,Tillaberi,Tillaberi,Ayerou,Ayerou
Niger,Niger,NA,NA,Zinder,Zinder,Damagaram Takaya,Damagaram Takaya
Niger,Niger,NA,NA,Zinder,Zinder,Dungass,Dungass
Niger,Niger,NA,NA,Zinder,Zinder,Goure,Goure
Niger,Niger,NA,NA,Zinder,Zinder,Kantché,Kantche
Niger,Niger,NA,NA,Zinder,Zinder,Magaria,Magaria
Niger,Niger,NA,NA,Zinder,Zinder,Mirriah,Mirriah
Niger,Niger,NA,NA,Zinder,Zinder,Takieta,Takieta
Niger,Niger,NA,NA,Zinder,Zinder,Tanout,Tanout
Niger,Niger,NA,NA,Zinder,Zinder,Tarka,Tarka
Niger,Niger,NA,NA,Zinder,Zinder,Tasker,Tasker
Niger,Niger,NA,NA,Agadez,Agadez,Tchiro,Tchiro
Niger,Niger,NA,NA,Agadez,Agadez,Ingal,Ingal
Niger,Niger,NA,NA,Dosso,Dosso,Dioundjou,Dioundjou
Niger,Niger,NA,NA,Tillabéri,Tillaberi,Abala,Abala
Niger,Niger,NA,NA,Tillabéri,Tillaberi,Ayerou,Ayerou
Niger,Niger,NA,NA,Tillabéri,Tillaberi,Balleyayra,Balleyayra
Niger,Niger,NA,NA,Tillabéri,Tillaberi,banibangou,Banibangou
Niger,Niger,NA,NA,Tillabéri,Tillaberi,bankilaré,Bankilare
Niger,Niger,NA,NA,Tillabéri,Tillaberi,fillingué,Fillingue
Niger,Niger,NA,NA,Tillabéri,Tillaberi,Gothey,Gothey
Niger,Niger,NA,NA,Tillabéri,Tillaberi,kollo,Kollo
Niger,Niger,NA,NA,Tillabéri,Tillaberi,ouallam,Ouallam
Niger,Niger,NA,NA,Tillabéri,Tillaberi,say,Say
Niger,Niger,NA,NA,Tillabéri,Tillaberi,tera,Tera
Niger,Niger,NA,NA,Tillabéri,Tillaberi,tillaberi,Tillaberi
Niger,Niger,NA,NA,Tillabéri,Tillaberi,torodi,Torodi
Niger,Niger,NA,NA,Tahoua,Tahoua,Illéla,Illela
Niger,Niger,NA,NA,Tahoua,Tahoua,KEITA,Keita
Niger,Niger,NA,NA,Tahoua,Tahoua,Tchinta,Tchinta
Niger,Niger,NA,NA,Maradi,Maradi,Aguié,Aguie
Niger,Niger,NA,NA,Maradi,Maradi,Guidan Roumdji,Guidan Roumdji
Niger,Niger,NA,NA,Zinder,Zinder,Doungass,Doungass
Niger,Niger,NA,NA,Zinder,Zinder,Gouré,Goure
Niger,Niger,NA,NA,Zinder,Zinder,Takeita,Takeita
Niger,Niger,NA,NA,Zinder,Zinder,Belbédji,Belbedji
Niger,Niger,NA,NA,Zinder,Zinder,Tesker,Tesker
Niger,Niger,NA,NA,Niamey,Niamey,NA,NA
Niger,Niger,NA,NA,TillabÇri,NA,Abala,Abala
Niger,Niger,NA,NA,TillabÇri,NA,Ayerou,Ayerou
Niger,Niger,NA,NA,TillabÇri,NA,Balleyayra,Balleyayra
Niger,Niger,NA,NA,TillabÇri,NA,banibangou,Banibangou
Niger,Niger,NA,NA,TillabÇri,NA,bankilarÇ,NA
Niger,Niger,NA,NA,TillabÇri,NA,fillinguÇ,NA
Niger,Niger,NA,NA,TillabÇri,NA,Gothey,Gothey
Niger,Niger,NA,NA,TillabÇri,NA,kollo,Kollo
Niger,Niger,NA,NA,TillabÇri,NA,ouallam,Ouallam
Niger,Niger,NA,NA,TillabÇri,NA,say,Say
Niger,Niger,NA,NA,TillabÇri,NA,tera,Tera
Niger,Niger,NA,NA,TillabÇri,NA,tillaberi,Tillaberi
Niger,Niger,NA,NA,TillabÇri,NA,torodi,Torodi
Niger,Niger,NA,NA,Tahoua,Tahoua,Koni,Koni
Niger,Niger,NA,NA,Tahoua,Tahoua,ILLELA,Illela
Niger,Niger,NA,NA,Maradi,Maradi,AguiÇ,NA
Niger,Niger,NA,NA,Zinder,Zinder,KantchÇ,NA
Niger,Niger,NA,NA,Zinder,Zinder,GourÇ,NA
Niger,Niger,NA,NA,Zinder,Zinder,BelbÇdji,NA
Niger,Niger,NA,NA,Agadez,Agadez,Agadez Com,Agadez Com
Niger,Niger,NA,NA,Diffa,Diffa,N'Guigmi,N'guigmi
Niger,Niger,NA,NA,Diffa,Diffa,Dffa Dep,Dffa Dep
Niger,Niger,NA,NA,Diffa,Diffa,Diffa com,Diffa Com
Niger,Niger,NA,NA,Dosso,Dosso,Dosso Département,Dosso Departement
Niger,Niger,NA,NA,Dosso,Dosso,Dosso CU,Dosso Cu
Niger,Niger,NA,NA,Tahoua,Tahoua,Tahoua dép,Tahoua Dep
Niger,Niger,NA,NA,Tahoua,Tahoua,Tahoua ville,Tahoua Ville
Niger,Niger,NA,NA,Maradi,Maradi,AGUIE,Aguie
Niger,Niger,NA,NA,Maradi,Maradi,BERMO,Bermo
Niger,Niger,NA,NA,Maradi,Maradi,DAKORO,Dakoro
Niger,Niger,NA,NA,Maradi,Maradi,GAZAOUA,Gazaoua
Niger,Niger,NA,NA,Maradi,Maradi,MADAROUNFA,Madarounfa
Niger,Niger,NA,NA,Maradi,Maradi,TESSAOUA,Tessaoua
Niger,Niger,NA,NA,Maradi,Maradi,VILLE MARADI,Ville Maradi
Niger,Niger,NA,NA,Tillaberi,Tillaberi,Tillaberi département,Tillaberi Departement
Niger,Niger,NA,NA,Tillaberi,Tillaberi,Tillaberi commune,Tillaberi Commune
Niger,Niger,NA,NA,Zinder,Zinder,BELBEDJI,Belbedji
Niger,Niger,NA,NA,Zinder,Zinder,DAMAGARAM TAKAYA,Damagaram Takaya
Niger,Niger,NA,NA,Zinder,Zinder,DUNGASS,Dungass
Niger,Niger,NA,NA,Zinder,Zinder,GOURE,Goure
Niger,Niger,NA,NA,Zinder,Zinder,KANTCHE,Kantche
Niger,Niger,NA,NA,Zinder,Zinder,MAGARIA,Magaria
Niger,Niger,NA,NA,Zinder,Zinder,MIRRIAH,Mirriah
Niger,Niger,NA,NA,Zinder,Zinder,TAKIETA,Takieta
Niger,Niger,NA,NA,Zinder,Zinder,TANOUT,Tanout
Niger,Niger,NA,NA,Zinder,Zinder,VILLE DE ZINDER,Ville De Zinder
Niger,Niger,NA,NA,Niamey,Niamey,ACNY I,Acny I
Niger,Niger,NA,NA,Niamey,Niamey,ACNY II,Acny Ii
Niger,Niger,NA,NA,Niamey,Niamey,ACNY III,Acny Iii
Niger,Niger,NA,NA,Niamey,Niamey,ACNY IV,Acny Iv
Niger,Niger,NA,NA,Niamey,Niamey,ACNY V,Acny V
Niger,Niger,NA,NA,Tillaberi,Tillaberi,Banibangou,Banibangou
Niger,Niger,NA,NA,Diffa,Diffa,Maine soroa,Maine Soroa
Niger,Niger,NA,NA,Diffa,Diffa,NGourti,Ngourti
Niger,Niger,NA,NA,Diffa,Diffa,NGuigmi,Nguigmi
Niger,Niger,NA,NA,Tillaberi,Tillaberi,Bani bangou,Bani Bangou
Niger,Niger,NA,NA,Zinder,Zinder,KANTCHé,Kantche
Niger,Niger,NA,NA,Zinder,Zinder,TASKER,Tasker
Niger,Niger,NA,NA,Agadez,Agadez,In-gall,In-Gall
Niger,Niger,NA,NA,Dosso,Dosso,doutchi,Doutchi
Nigeria,Nigeria,NA,NA,Adamawa,Adamawa,NA,NA
Nigeria,Nigeria,NA,NA,Borno,Borno,NA,NA
Nigeria,Nigeria,NA,NA,Jigawa,Jigawa,NA,NA
Nigeria,Nigeria,NA,NA,Katsina,Katsina,Sahel,Sahel
Nigeria,Nigeria,NA,NA,Katsina,Katsina,Sudan,Sudan
Nigeria,Nigeria,NA,NA,Katsina,Katsina,Northern Guinea,Northern Guinea
Nigeria,Nigeria,NA,NA,Kano,Kano,Z1-Northern-FRWV,Z1-Northern-Frwv
Nigeria,Nigeria,NA,NA,Kano,Kano,Z2-Central-MSC,Z2-Central-Msc
Nigeria,Nigeria,NA,NA,Kano,Kano,Z3-Sahel-MCL,Z3-Sahel-Mcl
Nigeria,Nigeria,NA,NA,Sokoto,Sokoto,East,East
Nigeria,Nigeria,NA,NA,Sokoto,Sokoto,Central,Central
Nigeria,Nigeria,NA,NA,Sokoto,Sokoto,South,South
Nigeria,Nigeria,NA,NA,Yobe,Yobe,NA,NA
Nigeria,Nigeria,NA,NA,Zamfara,Zamfara,Central Zone,Central Zone
Nigeria,Nigeria,NA,NA,Zamfara,Zamfara,Northern Zone,Northern Zone
Nigeria,Nigeria,NA,NA,Zamfara,Zamfara,Western Zone,Western Zone
Nigeria,Nigeria,NA,NA,Adamawa,Adamawa,Madagali,Madagali
Nigeria,Nigeria,NA,NA,Adamawa,Adamawa,Michika,Michika
Nigeria,Nigeria,NA,NA,Adamawa,Adamawa,Mubi North,Mubi North
Nigeria,Nigeria,NA,NA,Adamawa,Adamawa,Mubi South,Mubi South
Nigeria,Nigeria,NA,NA,Adamawa,Adamawa,Maiha,Maiha
Nigeria,Nigeria,NA,NA,Adamawa,Adamawa,Gombi,Gombi
Nigeria,Nigeria,NA,NA,Adamawa,Adamawa,Hong,Hong
Nigeria,Nigeria,NA,NA,Adamawa,Adamawa,Song,Song
Nigeria,Nigeria,NA,NA,Adamawa,Adamawa,Gireri,Gireri
Nigeria,Nigeria,NA,NA,Adamawa,Adamawa,Yola North,Yola North
Nigeria,Nigeria,NA,NA,Adamawa,Adamawa,Yola South,Yola South
Nigeria,Nigeria,NA,NA,Adamawa,Adamawa,Fufore,Fufore
Nigeria,Nigeria,NA,NA,Adamawa,Adamawa,Guyuk,Guyuk
Nigeria,Nigeria,NA,NA,Adamawa,Adamawa,Shelleng,Shelleng
Nigeria,Nigeria,NA,NA,Adamawa,Adamawa,Ganaye,Ganaye
Nigeria,Nigeria,NA,NA,Adamawa,Adamawa,Demsa,Demsa
Nigeria,Nigeria,NA,NA,Adamawa,Adamawa,Lamurde,Lamurde
Nigeria,Nigeria,NA,NA,Adamawa,Adamawa,Mayo-Belwa,Mayo-Belwa
Nigeria,Nigeria,NA,NA,Adamawa,Adamawa,Toungo,Toungo
Nigeria,Nigeria,NA,NA,Adamawa,Adamawa,Numan,Numan
Nigeria,Nigeria,NA,NA,Adamawa,Adamawa,Jada,Jada
Nigeria,Nigeria,NA,NA,Bauchi,Bauchi,Central,Central
Nigeria,Nigeria,NA,NA,Bauchi,Bauchi,Northern,Northern
Nigeria,Nigeria,NA,NA,Bauchi,Bauchi,Southern,Southern
Nigeria,Nigeria,NA,NA,Benue,Benue,Central,Central
Nigeria,Nigeria,NA,NA,Benue,Benue,North,North
Nigeria,Nigeria,NA,NA,Benue,Benue,South,South
Nigeria,Nigeria,NA,NA,Borno,Borno,ABADAM,Abadam
Nigeria,Nigeria,NA,NA,Borno,Borno,Gubio,Gubio
Nigeria,Nigeria,NA,NA,Borno,Borno,Guzamala,Guzamala
Nigeria,Nigeria,NA,NA,Borno,Borno,Kukawa,Kukawa
Nigeria,Nigeria,NA,NA,Borno,Borno,Magumeri,Magumeri
Nigeria,Nigeria,NA,NA,Borno,Borno,Marte,Marte
Nigeria,Nigeria,NA,NA,Borno,Borno,Mobbar,Mobbar
Nigeria,Nigeria,NA,NA,Borno,Borno,Nganzai,Nganzai
Nigeria,Nigeria,NA,NA,Borno,Borno,Monguno,Monguno
Nigeria,Nigeria,NA,NA,Borno,Borno,Dikwa,Dikwa
Nigeria,Nigeria,NA,NA,Borno,Borno,Jere,Jere
Nigeria,Nigeria,NA,NA,Borno,Borno,Kala/Balge,Kala/Balge
Nigeria,Nigeria,NA,NA,Borno,Borno,Mafa,Mafa
Nigeria,Nigeria,NA,NA,Borno,Borno,Maiduguri,Maiduguri
Nigeria,Nigeria,NA,NA,Borno,Borno,Ngala,Ngala
Nigeria,Nigeria,NA,NA,Borno,Borno,Konduga,Konduga
Nigeria,Nigeria,NA,NA,Borno,Borno,Bama,Bama
Nigeria,Nigeria,NA,NA,Borno,Borno,Kaga,Kaga
Nigeria,Nigeria,NA,NA,Borno,Borno,Askira/Uba,Askira/Uba
Nigeria,Nigeria,NA,NA,Borno,Borno,Bayo,Bayo
Nigeria,Nigeria,NA,NA,Borno,Borno,Biu,Biu
Nigeria,Nigeria,NA,NA,Borno,Borno,Chibok,Chibok
Nigeria,Nigeria,NA,NA,Borno,Borno,Damboa,Damboa
Nigeria,Nigeria,NA,NA,Borno,Borno,Gwoza,Gwoza
Nigeria,Nigeria,NA,NA,Borno,Borno,Hawul,Hawul
Nigeria,Nigeria,NA,NA,Borno,Borno,Kwaya Kusar,Kwaya Kusar
Nigeria,Nigeria,NA,NA,Borno,Borno,Shani,Shani
Nigeria,Nigeria,NA,NA,Gombe,Gombe,Central,Central
Nigeria,Nigeria,NA,NA,Gombe,Gombe,North,North
Nigeria,Nigeria,NA,NA,Gombe,Gombe,South,South
Nigeria,Nigeria,NA,NA,Jigawa,Jigawa,North East,North East
Nigeria,Nigeria,NA,NA,Jigawa,Jigawa,North South,North South
Nigeria,Nigeria,NA,NA,Jigawa,Jigawa,North West,North West
Nigeria,Nigeria,NA,NA,Kaduna,Kaduna,Northern,Northern
Nigeria,Nigeria,NA,NA,Kaduna,Kaduna,Central,Central
Nigeria,Nigeria,NA,NA,Kaduna,Kaduna,Southern,Southern
Nigeria,Nigeria,NA,NA,Kano,Kano,Central (Zone 1),Central (Zone 1)
Nigeria,Nigeria,NA,NA,Kano,Kano,Northern (Zone 2),Northern (Zone 2)
Nigeria,Nigeria,NA,NA,Kano,Kano,Southern (Zone 3),Southern (Zone 3)
Nigeria,Nigeria,NA,NA,Katsina,Katsina,Northern - Sahel,Northern - Sahel
Nigeria,Nigeria,NA,NA,Katsina,Katsina,Central - Sudan,Central - Sudan
Nigeria,Nigeria,NA,NA,Katsina,Katsina,Southern - Guinea,Southern - Guinea
Nigeria,Nigeria,NA,NA,Kebbi,Kebbi,CENTRAL,Central
Nigeria,Nigeria,NA,NA,Kebbi,Kebbi,Northern,Northern
Nigeria,Nigeria,NA,NA,Kebbi,Kebbi,Southern,Southern
Nigeria,Nigeria,NA,NA,Niger,Niger,Southern,Southern
Nigeria,Nigeria,NA,NA,Niger,Niger,Eastern,Eastern
Nigeria,Nigeria,NA,NA,Niger,Niger,Northern,Northern
Nigeria,Nigeria,NA,NA,Plateau,Plateau,NORTHERN ZONE,Northern Zone
Nigeria,Nigeria,NA,NA,Plateau,Plateau,CENTRAL ZONE,Central Zone
Nigeria,Nigeria,NA,NA,Plateau,Plateau,Southern Zone,Southern Zone
Nigeria,Nigeria,NA,NA,Sokoto,Sokoto,CENTRAL,Central
Nigeria,Nigeria,NA,NA,Sokoto,Sokoto,Southern,Southern
Nigeria,Nigeria,NA,NA,Taraba,Taraba,CENTRAL,Central
Nigeria,Nigeria,NA,NA,Taraba,Taraba,Northern,Northern
Nigeria,Nigeria,NA,NA,Taraba,Taraba,Southern,Southern
Nigeria,Nigeria,NA,NA,Yobe,Yobe,Bursari,Bursari
Nigeria,Nigeria,NA,NA,Yobe,Yobe,Damaturu,Damaturu
Nigeria,Nigeria,NA,NA,Yobe,Yobe,Geidam,Geidam
Nigeria,Nigeria,NA,NA,Yobe,Yobe,Gujba,Gujba
Nigeria,Nigeria,NA,NA,Yobe,Yobe,Gulani,Gulani
Nigeria,Nigeria,NA,NA,Yobe,Yobe,Tarmua,Tarmua
Nigeria,Nigeria,NA,NA,Yobe,Yobe,Yunusari,Yunusari
Nigeria,Nigeria,NA,NA,Yobe,Yobe,Bade,Bade
Nigeria,Nigeria,NA,NA,Yobe,Yobe,Jakusko,Jakusko
Nigeria,Nigeria,NA,NA,Yobe,Yobe,Karasuwa,Karasuwa
Nigeria,Nigeria,NA,NA,Yobe,Yobe,Machina,Machina
Nigeria,Nigeria,NA,NA,Yobe,Yobe,Yusufari,Yusufari
Nigeria,Nigeria,NA,NA,Yobe,Yobe,Nangere,Nangere
Nigeria,Nigeria,NA,NA,Yobe,Yobe,Fune,Fune
Nigeria,Nigeria,NA,NA,Yobe,Yobe,Fika,Fika
Nigeria,Nigeria,NA,NA,Yobe,Yobe,Nguru,Nguru
Nigeria,Nigeria,NA,NA,Yobe,Yobe,Potiskum,Potiskum
Nigeria,Nigeria,NA,NA,Kebbi,Kebbi,Central,Central
Nigeria,Nigeria,NA,NA,Plateau,Plateau,Northern,Northern
Nigeria,Nigeria,NA,NA,Plateau,Plateau,Central,Central
Nigeria,Nigeria,NA,NA,Plateau,Plateau,Southern,Southern
Nigeria,Nigeria,NA,NA,Taraba,Taraba,Central,Central
Nigeria,Nigeria,NA,NA,ADAMAWA,Adamawa,NA,NA
Nigeria,Nigeria,NA,NA,BAUCHI,Bauchi,NA,NA
Nigeria,Nigeria,NA,NA,BENUE,Benue,NA,NA
Nigeria,Nigeria,NA,NA,BORNO,Borno,NA,NA
Nigeria,Nigeria,NA,NA,Federal Capital Territory,Federal Capital Territory,NA,NA
Nigeria,Nigeria,NA,NA,GOMBE,Gombe,NA,NA
Nigeria,Nigeria,NA,NA,JIGAWA,Jigawa,NA,NA
Nigeria,Nigeria,NA,NA,KADUNA,Kaduna,NA,NA
Nigeria,Nigeria,NA,NA,KANO,Kano,NA,NA
Nigeria,Nigeria,NA,NA,KATSINA,Katsina,NA,NA
Nigeria,Nigeria,NA,NA,KEBBI,Kebbi,NA,NA
Nigeria,Nigeria,NA,NA,NIGER,Niger,NA,NA
Nigeria,Nigeria,NA,NA,PLATEAU,Plateau,NA,NA
Nigeria,Nigeria,NA,NA,SOKOTO,Sokoto,NA,NA
Nigeria,Nigeria,NA,NA,TARABA,Taraba,NA,NA
Nigeria,Nigeria,NA,NA,YOBE,Yobe,NA,NA
Nigeria,Nigeria,NA,NA,ZAMFARA,Zamfara,NA,NA
Nigeria,Nigeria,NA,NA,Katsina,Katsina,Zone 1,Zone 1
Nigeria,Nigeria,NA,NA,Katsina,Katsina,Zone 2,Zone 2
Nigeria,Nigeria,NA,NA,Katsina,Katsina,Zone 3,Zone 3
Nigeria,Nigeria,NA,NA,Kano,Kano,Sahel Savannah,Sahel Savannah
Nigeria,Nigeria,NA,NA,Kano,Kano,Sudan Savannah,Sudan Savannah
Nigeria,Nigeria,NA,NA,Kano,Kano,Northern Guinea,Northern Guinea
Nigeria,Nigeria,NA,NA,Adamawa,Adamawa,Northern,Northern
Nigeria,Nigeria,NA,NA,Adamawa,Adamawa,Central,Central
Nigeria,Nigeria,NA,NA,Adamawa,Adamawa,Southern,Southern
Nigeria,Nigeria,NA,NA,Borno,Borno,Central,Central
Nigeria,Nigeria,NA,NA,Borno,Borno,Northern,Northern
Nigeria,Nigeria,NA,NA,Borno,Borno,Southern,Southern
Nigeria,Nigeria,NA,NA,Jigawa,Jigawa,Eastern,Eastern
Nigeria,Nigeria,NA,NA,Jigawa,Jigawa,Southern,Southern
Nigeria,Nigeria,NA,NA,Jigawa,Jigawa,Western,Western
Nigeria,Nigeria,NA,NA,Kano,Kano,Central,Central
Nigeria,Nigeria,NA,NA,Kano,Kano,Northern,Northern
Nigeria,Nigeria,NA,NA,Kano,Kano,Southern,Southern
Nigeria,Nigeria,NA,NA,Katsina,Katsina,Sahel Savannah,Sahel Savannah
Nigeria,Nigeria,NA,NA,Katsina,Katsina,Sudan Savannah,Sudan Savannah
Nigeria,Nigeria,NA,NA,Yobe,Yobe,Eastern,Eastern
Nigeria,Nigeria,NA,NA,Yobe,Yobe,Southern,Southern
Nigeria,Nigeria,NA,NA,Yobe,Yobe,Northern,Northern
Nigeria,Nigeria,NA,NA,Zamfara,Zamfara,CENTRAL,Central
Nigeria,Nigeria,NA,NA,Zamfara,Zamfara,Northern,Northern
Nigeria,Nigeria,NA,NA,Zamfara,Zamfara,Western,Western
Nigeria,Nigeria,NA,NA,Borno,Borno,Abadam,Abadam
Nigeria,Nigeria,NA,NA,Federal Capital Territory,Federal Capital Territory,FCT,Fct
Nigeria,Nigeria,NA,NA,Katsina,Katsina,Northern,Northern
Nigeria,Nigeria,NA,NA,Katsina,Katsina,Central,Central
Nigeria,Nigeria,NA,NA,Katsina,Katsina,Southern,Southern
Nigeria,Nigeria,NA,NA,Kano,Kano,CENTRAL,Central
Nigeria,Nigeria,NA,NA,Kano,Kano,NORTHERN,Northern
Nigeria,Nigeria,NA,NA,Kano,Kano,SOUTHERN,Southern
Nigeria,Nigeria,NA,NA,Katsina,Katsina,NORTHERN,Northern
Nigeria,Nigeria,NA,NA,Katsina,Katsina,CENTRAL,Central
Nigeria,Nigeria,NA,NA,Katsina,Katsina,SOUTHERN,Southern
Nigeria,Nigeria,NA,NA,Kebbi,Kebbi,NORTHERN,Northern
Nigeria,Nigeria,NA,NA,Kebbi,Kebbi,SOUTHERN,Southern
Nigeria,Nigeria,NA,NA,Niger,Niger,SOUTHERN,Southern
Nigeria,Nigeria,NA,NA,Niger,Niger,EASTERN,Eastern
Nigeria,Nigeria,NA,NA,Niger,Niger,NORTHERN,Northern
Nigeria,Nigeria,NA,NA,Plateau,Plateau,NORTHERN,Northern
Nigeria,Nigeria,NA,NA,Plateau,Plateau,CENTRAL,Central
Nigeria,Nigeria,NA,NA,Plateau,Plateau,SOUTHERN,Southern
Nigeria,Nigeria,NA,NA,Sokoto,Sokoto,SOUTHERN,Southern
Nigeria,Nigeria,NA,NA,Taraba,Taraba,NORTHERN,Northern
Nigeria,Nigeria,NA,NA,Taraba,Taraba,SOUTHERN,Southern
Senegal,Senegal,NA,NA,Diourbel,Diourbel,Bambey,Bambey
Senegal,Senegal,NA,NA,Kaffrine,Kaffrine,Birkelane,Birkelane
Senegal,Senegal,NA,NA,Saint Louis,Saint Louis,Dagana,Dagana
Senegal,Senegal,NA,NA,Diourbel,Diourbel,Diourbel,Diourbel
Senegal,Senegal,NA,NA,Fatick,Fatick,Fatick,Fatick
Senegal,Senegal,NA,NA,Fatick,Fatick,Foundiougne,Foundiougne
Senegal,Senegal,NA,NA,Fatick,Fatick,Gossas,Gossas
Senegal,Senegal,NA,NA,Kaolack,Kaolack,Guinguineo,Guinguineo
Senegal,Senegal,NA,NA,Kaffrine,Kaffrine,Kaffrine,Kaffrine
Senegal,Senegal,NA,NA,Matam,Matam,Kanel,Kanel
Senegal,Senegal,NA,NA,Kaolack,Kaolack,Kaolack,Kaolack
Senegal,Senegal,NA,NA,Louga,Louga,Kebemer,Kebemer
Senegal,Senegal,NA,NA,Kedougou,Kedougou,Kedougou,Kedougou
Senegal,Senegal,NA,NA,Kolda,Kolda,Kolda,Kolda
Senegal,Senegal,NA,NA,Kaffrine,Kaffrine,Koungheul,Koungheul
Senegal,Senegal,NA,NA,Louga,Louga,Linguere,Linguere
Senegal,Senegal,NA,NA,Louga,Louga,Louga,Louga
Senegal,Senegal,NA,NA,Kaffrine,Kaffrine,Malem Hodar,Malem Hodar
Senegal,Senegal,NA,NA,Matam,Matam,Matam,Matam
Senegal,Senegal,NA,NA,Diourbel,Diourbel,MBacke,Mbacke
Senegal,Senegal,NA,NA,Kolda,Kolda,Medina Yoro Foulah,Medina Yoro Foulah
Senegal,Senegal,NA,NA,Kaolack,Kaolack,Nioro du Rip,Nioro Du Rip
Senegal,Senegal,NA,NA,Saint Louis,Saint Louis,Podor,Podor
Senegal,Senegal,NA,NA,Matam,Matam,Ranerou,Ranerou
Senegal,Senegal,NA,NA,Dakar,Dakar,Rufisque,Rufisque
Senegal,Senegal,NA,NA,Saint Louis,Saint Louis,Saint Louis,Saint Louis
Senegal,Senegal,NA,NA,Kedougou,Kedougou,Salemata,Salemata
Senegal,Senegal,NA,NA,Kedougou,Kedougou,Saraya,Saraya
Senegal,Senegal,NA,NA,Kolda,Kolda,Velingara,Velingara
Senegal,Senegal,NA,NA,Tambacounda,Tambacounda,Bakel,Bakel
Senegal,Senegal,NA,NA,Ziguinchor,Ziguinchor,Bignona,Bignona
Senegal,Senegal,NA,NA,Sedhiou,Sedhiou,Bounkiling,Bounkiling
Senegal,Senegal,NA,NA,Tambacounda,Tambacounda,Goudiry,Goudiry
Senegal,Senegal,NA,NA,Sedhiou,Sedhiou,Goudomp,Goudomp
Senegal,Senegal,NA,NA,Tambacounda,Tambacounda,Koumpentoum,Koumpentoum
Senegal,Senegal,NA,NA,Thies,Thies,Mbour,Mbour
Senegal,Senegal,NA,NA,Ziguinchor,Ziguinchor,Oussouye,Oussouye
Senegal,Senegal,NA,NA,Sedhiou,Sedhiou,Sedhiou,Sedhiou
Senegal,Senegal,NA,NA,Tambacounda,Tambacounda,Tambacounda,Tambacounda
Senegal,Senegal,NA,NA,Thies,Thies,Thies,Thies
Senegal,Senegal,NA,NA,Thies,Thies,Tivaouane,Tivaouane
Senegal,Senegal,NA,NA,Ziguinchor,Ziguinchor,Ziguinchor,Ziguinchor
Senegal,Senegal,NA,NA,Kedougou,Kedougou,kedougou,Kedougou
Senegal,Senegal,NA,NA,Kedougou,Kedougou,salemata,Salemata
Senegal,Senegal,NA,NA,Sedhiou,Sedhiou,bounkiling,Bounkiling
Senegal,Senegal,NA,NA,Sedhiou,Sedhiou,goudomp,Goudomp
Senegal,Senegal,NA,NA,Sedhiou,Sedhiou,sedhiou,Sedhiou
Senegal,Senegal,NA,NA,Ziguinchor,Ziguinchor,bignona,Bignona
Senegal,Senegal,NA,NA,Ziguinchor,Ziguinchor,oussouye,Oussouye
Senegal,Senegal,NA,NA,Ziguinchor,Ziguinchor,ziguinchor,Ziguinchor
Senegal,Senegal,NA,NA,Kolda,Kolda,VELINGARA,Velingara
Sierra Leone,Sierra Leone,NA,NA,Eastern,Eastern,Kailahun,Kailahun
Sierra Leone,Sierra Leone,NA,NA,Eastern,Eastern,Kenema,Kenema
Sierra Leone,Sierra Leone,NA,NA,Eastern,Eastern,Kono,Kono
Sierra Leone,Sierra Leone,NA,NA,Northern,Northern,Bombali,Bombali
Sierra Leone,Sierra Leone,NA,NA,Northern,Northern,Kambia,Kambia
Sierra Leone,Sierra Leone,NA,NA,Northern,Northern,Koinadugu,Koinadugu
Sierra Leone,Sierra Leone,NA,NA,Northern,Northern,Port Loko,Port Loko
Sierra Leone,Sierra Leone,NA,NA,Northern,Northern,Tonkolili,Tonkolili
Sierra Leone,Sierra Leone,NA,NA,Southern,Southern,Bo,Bo
Sierra Leone,Sierra Leone,NA,NA,Southern,Southern,Bonthe,Bonthe
Sierra Leone,Sierra Leone,NA,NA,Southern,Southern,Moyamba,Moyamba
Sierra Leone,Sierra Leone,NA,NA,Southern,Southern,Pujehun,Pujehun
Sierra Leone,Sierra Leone,NA,NA,Western Area,Western Area,Western Area Rur,Western Area Rur
Sierra Leone,Sierra Leone,NA,NA,Western Area,Western Area,Western Area Urb,Western Area Urb
Sierra Leone,Sierra Leone,NA,NA,Eastern Province,Eastern Province,Kailahun,Kailahun
Sierra Leone,Sierra Leone,NA,NA,Eastern Province,Eastern Province,Kenema,Kenema
Sierra Leone,Sierra Leone,NA,NA,Eastern Province,Eastern Province,Kono,Kono
Sierra Leone,Sierra Leone,NA,NA,Southern Province,Southern Province,Bo,Bo
Sierra Leone,Sierra Leone,NA,NA,Southern Province,Southern Province,Bonthe,Bonthe
Sierra Leone,Sierra Leone,NA,NA,Southern Province,Southern Province,Moyamba,Moyamba
Sierra Leone,Sierra Leone,NA,NA,Southern Province,Southern Province,Pujehun,Pujehun
Sierra Leone,Sierra Leone,NA,NA,Northern Province,Northern Province,Bombali,Bombali
Sierra Leone,Sierra Leone,NA,NA,Northern Province,Northern Province,Koinadugu,Koinadugu
Sierra Leone,Sierra Leone,NA,NA,Northern Province,Northern Province,Port Loko,Port Loko
Sierra Leone,Sierra Leone,NA,NA,Northern Province,Northern Province,Tonkolili,Tonkolili
Sierra Leone,Sierra Leone,NA,NA,Northern Province,Northern Province,Kambia,Kambia
Sierra Leone,Sierra Leone,NA,NA,Western Area,Western Area,Western Rural,Western Rural
Chad,Chad,NA,NA,Batha,Batha,NA,NA
Chad,Chad,NA,NA,Chari-Baguirmi,Chari-Baguirmi,NA,NA
Chad,Chad,NA,NA,Logone Occidental,Logone Occidental,NA,NA
Chad,Chad,NA,NA,Hadjer-Lamis,Hadjer-Lamis,NA,NA
Chad,Chad,NA,NA,Barh-El-Gazel,Barh El Gazal,NA,NA
Chad,Chad,NA,NA,Logone Oriental,Logone Oriental,NA,NA
Chad,Chad,NA,NA,Mandoul,Mandoul,NA,NA
Chad,Chad,NA,NA,Lac,Lac,NA,NA
Chad,Chad,NA,NA,Guera,Guera,NA,NA
Chad,Chad,NA,NA,Sila,Sila,NA,NA
Chad,Chad,NA,NA,Tandjile,Tandjile,NA,NA
Chad,Chad,NA,NA,Mayo Kebbi Est,Mayo-Kebbi Est,NA,NA
Chad,Chad,NA,NA,Ouaddai,Ouaddai,NA,NA
Chad,Chad,NA,NA,Kanem,Kanem,NA,NA
Chad,Chad,NA,NA,Mayo-Kebbi Ouest,Mayo-Kebbi Ouest,NA,NA
Chad,Chad,NA,NA,Salamat,Salamat,NA,NA
Chad,Chad,NA,NA,Wadi Fira,Wadi Fira,NA,NA
Chad,Chad,NA,NA,Moyen-Chari,Moyen-Chari,NA,NA
Chad,Chad,NA,NA,Logone Occidental,Logone Occidental,Lac Wey,Lac Wey
Chad,Chad,NA,NA,Logone Occidental,Logone Occidental,Dodje,Dodje
Chad,Chad,NA,NA,Logone Occidental,Logone Occidental,Gueni,Gueni
Chad,Chad,NA,NA,Logone Occidental,Logone Occidental,Ngourkosso,Ngourkosso
Chad,Chad,NA,NA,Logone Oriental,Logone Oriental,La Pende,La Pende
Chad,Chad,NA,NA,Logone Oriental,Logone Oriental,Kouh Est,Kouh Est
Chad,Chad,NA,NA,Logone Oriental,Logone Oriental,Kouh Ouest,Kouh Ouest
Chad,Chad,NA,NA,Logone Oriental,Logone Oriental,La nya,La Nya
Chad,Chad,NA,NA,Logone Oriental,Logone Oriental,La Nya Pende,La Nya Pende
Chad,Chad,NA,NA,Logone Oriental,Logone Oriental,Monts de Lam,Monts De Lam
Chad,Chad,NA,NA,Mandoul,Mandoul,Barh Sara,Barh Sara
Chad,Chad,NA,NA,Mandoul,Mandoul,Mandoul Oriental,Mandoul Oriental
Chad,Chad,NA,NA,Mandoul,Mandoul,Mandoul Occidental,Mandoul Occidental
Chad,Chad,NA,NA,Tandjile,Tandjile,Tandjile Centre,Tandjile Centre
Chad,Chad,NA,NA,Tandjile,Tandjile,Tandjile Ouest,Tandjile Ouest
Chad,Chad,NA,NA,Tandjile,Tandjile,Tandjile Est,Tandjile Est
Chad,Chad,NA,NA,Chari-Baguirmi,Chari-Baguirmi,Baguirmi,Baguirmi
Chad,Chad,NA,NA,Chari-Baguirmi,Chari-Baguirmi,Loug Chari,Loug Chari
Chad,Chad,NA,NA,Chari-Baguirmi,Chari-Baguirmi,Chari,Chari
Chad,Chad,NA,NA,Mayo Kebbi Est,Mayo-Kebbi Est,La Kabbia,La Kabbia
Chad,Chad,NA,NA,Mayo Kebbi Est,Mayo-Kebbi Est,Mayo Boneye,Mayo Boneye
Chad,Chad,NA,NA,Mayo Kebbi Est,Mayo-Kebbi Est,Mayo Lemye,Mayo Lemye
Chad,Chad,NA,NA,Mayo Kebbi Est,Mayo-Kebbi Est,Mont Illi,Mont Illi
Chad,Chad,NA,NA,Mayo-Kebbi Ouest,Mayo-Kebbi Ouest,Lac Lere,Lac Lere
Chad,Chad,NA,NA,Mayo-Kebbi Ouest,Mayo-Kebbi Ouest,Mayo-Binder,Mayo-Binder
Chad,Chad,NA,NA,Mayo-Kebbi Ouest,Mayo-Kebbi Ouest,Mayo Dallah,Mayo Dallah
Chad,Chad,NA,NA,Batha,Batha,Batha Ouest,Batha Ouest
Chad,Chad,NA,NA,Batha,Batha,Batha Est,Batha Est
Chad,Chad,NA,NA,Batha,Batha,Fittri,Fittri
Chad,Chad,NA,NA,Barh-El-Gazel,Barh El Gazal,Barh-El-Gazel Nord,Barh-El-Gazel Nord
Chad,Chad,NA,NA,Barh-El-Gazel,Barh El Gazal,Barh-El-Gazel Ouest,Barh-El-Gazel Ouest
Chad,Chad,NA,NA,Barh-El-Gazel,Barh El Gazal,Barh-El-Gazel Sud,Barh-El-Gazel Sud
Chad,Chad,NA,NA,Kanem,Kanem,Nord Kanem,Nord Kanem
Chad,Chad,NA,NA,Kanem,Kanem,Wadi Bissam,Wadi Bissam
Chad,Chad,NA,NA,Kanem,Kanem,Kanem,Kanem
Chad,Chad,NA,NA,Hadjer-Lamis,Hadjer-Lamis,Dababa,Dababa
Chad,Chad,NA,NA,Hadjer-Lamis,Hadjer-Lamis,Dagana,Dagana
Chad,Chad,NA,NA,Hadjer-Lamis,Hadjer-Lamis,Haraze Al Biar,Haraze Al Biar
Chad,Chad,NA,NA,Salamat,Salamat,Bahr Azoum,Bahr Azoum
Chad,Chad,NA,NA,Salamat,Salamat,Aboudeia,Aboudeia
Chad,Chad,NA,NA,Salamat,Salamat,Haraze Mangueigne,Haraze Mangueigne
Chad,Chad,NA,NA,Moyen-Chari,Moyen-Chari,Bahr Koh,Bahr Koh
Chad,Chad,NA,NA,Moyen-Chari,Moyen-Chari,Grande Sido,Grande Sido
Chad,Chad,NA,NA,Moyen-Chari,Moyen-Chari,Lac Iro,Lac Iro
Chad,Chad,NA,NA,Sila,Sila,Djourf Al Ahmar,Djourf Al Ahmar
Chad,Chad,NA,NA,Sila,Sila,Kimiti,Kimiti
Chad,Chad,NA,NA,Guera,Guera,Abtouyour,Abtouyour
Chad,Chad,NA,NA,Guera,Guera,Guera,Guera
Chad,Chad,NA,NA,Guera,Guera,Mangalme,Mangalme
Chad,Chad,NA,NA,Guera,Guera,Barh Signaka,Barh Signaka
Chad,Chad,NA,NA,Lac,Lac,Mamdi,Mamdi
Chad,Chad,NA,NA,Lac,Lac,Wayi,Wayi
Chad,Chad,NA,NA,Ouaddai,Ouaddai,Abdi,Abdi
Chad,Chad,NA,NA,Ouaddai,Ouaddai,Assoungha,Assoungha
Chad,Chad,NA,NA,Ouaddai,Ouaddai,Ouara,Ouara
Chad,Chad,NA,NA,Wadi Fira,Wadi Fira,Biltine,Biltine
Chad,Chad,NA,NA,Wadi Fira,Wadi Fira,Dar Tama,Dar Tama
Chad,Chad,NA,NA,Wadi Fira,Wadi Fira,Iriba,Iriba
Chad,Chad,NA,NA,Wadi Fira,Wadi Fira,Megri,Megri
Chad,Chad,NA,NA,Ennedi-Est,Ennedi-Est,Am-Djarass,Am-Djarass
Chad,Chad,NA,NA,Ennedi-Est,Ennedi-Est,Wadi Hawar,Wadi Hawar
Chad,Chad,NA,NA,Ennedi Ouest,Ennedi-Ouest,Fada,Fada
Chad,Chad,NA,NA,Ennedi Ouest,Ennedi-Ouest,Mourtcha,Mourtcha
Chad,Chad,NA,NA,Borkou,Borkou,Borkou Yala,Borkou Yala
Chad,Chad,NA,NA,Borkou,Borkou,Borkou,Borkou
Chad,Chad,NA,NA,Lac,Lac,Fouli,Fouli
Chad,Chad,NA,NA,Lac,Lac,Kaya,Kaya
Chad,Chad,NA,NA,Wardi Fira,Wardi Fira,Biltine,Biltine
Chad,Chad,NA,NA,Wardi Fira,Wardi Fira,Dar Tama,Dar Tama
Chad,Chad,NA,NA,Wardi Fira,Wardi Fira,Iriba,Iriba
Chad,Chad,NA,NA,Wardi Fira,Wardi Fira,Megri,Megri
Chad,Chad,NA,NA,Hajer Lamis,Hajer Lamis,Dababa,Dababa
Chad,Chad,NA,NA,Hajer Lamis,Hajer Lamis,Dagana,Dagana
Chad,Chad,NA,NA,Hajer Lamis,Hajer Lamis,Haraze Al Biar,Haraze Al Biar
Chad,Chad,NA,NA,Moyen Chari,Moyen Chari,Bahr Koh,Bahr Koh
Chad,Chad,NA,NA,Moyen Chari,Moyen Chari,Grande Sido,Grande Sido
Chad,Chad,NA,NA,Moyen Chari,Moyen Chari,Lac Iro,Lac Iro
Chad,Chad,NA,NA,Logone Oriental,Logone Oriental,La Nya,La Nya
Chad,Chad,NA,NA,Chari-Baguirmi,Chari-Baguirmi,BAGUIRMI,Baguirmi
Chad,Chad,NA,NA,Chari-Baguirmi,Chari-Baguirmi,LOUG CHARI,Loug Chari
Chad,Chad,NA,NA,Mayo-Kebbi est,Mayo-Kebbi Est,Mayo Boneye,Mayo Boneye
Chad,Chad,NA,NA,Mayo-Kebbi est,Mayo-Kebbi Est,La Kabbia,La Kabbia
Chad,Chad,NA,NA,Mayo-Kebbi est,Mayo-Kebbi Est,Mayo Lemye,Mayo Lemye
Chad,Chad,NA,NA,Mayo-Kebbi est,Mayo-Kebbi Est,MONT ILLI,Mont Illi
Chad,Chad,NA,NA,Mayo-Kebbi Ouest,Mayo-Kebbi Ouest,MAYO DALLAH,Mayo Dallah
Chad,Chad,NA,NA,Mayo-Kebbi Ouest,Mayo-Kebbi Ouest,LAC LERE,Lac Lere
Chad,Chad,NA,NA,Tandjile,Tandjile,TANDJILE EST,Tandjile Est
Chad,Chad,NA,NA,Tandjile,Tandjile,TANDJILE CENTRE,Tandjile Centre
Chad,Chad,NA,NA,Tandjile,Tandjile,TANDJILE OUEST,Tandjile Ouest
Chad,Chad,NA,NA,Barh El Gazal,Barh El Gazal,Barh-El-Gazel Sud,Barh-El-Gazel Sud
Chad,Chad,NA,NA,Barh El Gazal,Barh El Gazal,Barh-El-Gazel Ouest,Barh-El-Gazel Ouest
Chad,Chad,NA,NA,Barh El Gazal,Barh El Gazal,Barh-El-Gazel Nord,Barh-El-Gazel Nord
Chad,Chad,NA,NA,Ennedi Est,Ennedi-Est,Am-Djarass,Am-Djarass
Chad,Chad,NA,NA,Ennedi Est,Ennedi-Est,Wadi Hawar,Wadi Hawar
Chad,Chad,NA,NA,Tibesti,Tibesti,Tibesti Est,Tibesti Est
Chad,Chad,NA,NA,Tibesti,Tibesti,Tibesti Ouest,Tibesti Ouest
Chad,Chad,NA,NA,BORKOU,Borkou,Borkou,Borkou
Chad,Chad,NA,NA,BORKOU,Borkou,Borkou Yala,Borkou Yala
Chad,Chad,NA,NA,ENNEDI EST,Ennedi-Est,Am-Djarass,Am-Djarass
Chad,Chad,NA,NA,ENNEDI EST,Ennedi-Est,Wadi Hawar,Wadi Hawar
Chad,Chad,NA,NA,ENNEDI OUEST,Ennedi-Ouest,Fada,Fada
Chad,Chad,NA,NA,ENNEDI OUEST,Ennedi-Ouest,Mourtcha,Mourtcha
Chad,Chad,NA,NA,TIBESTI,Tibesti,Tibesti Est,Tibesti Est
Chad,Chad,NA,NA,TIBESTI,Tibesti,Tibesti Ouest,Tibesti Ouest
TOGO,Togo,NA,NA,Centrale,Centrale,Blitta,Blitta
TOGO,Togo,NA,NA,Centrale,Centrale,Plaine de Mô,Plaine De Mo
TOGO,Togo,NA,NA,Centrale,Centrale,Sotouboua,Sotouboua
TOGO,Togo,NA,NA,Centrale,Centrale,Tchamba,Tchamba
TOGO,Togo,NA,NA,Centrale,Centrale,Tchaoudjo,Tchaoudjo
TOGO,Togo,NA,NA,Kara,Kara,Assoli,Assoli
TOGO,Togo,NA,NA,Kara,Kara,Bassar,Bassar
TOGO,Togo,NA,NA,Kara,Kara,Binah,Binah
TOGO,Togo,NA,NA,Kara,Kara,Dankpen,Dankpen
TOGO,Togo,NA,NA,Kara,Kara,Doufelgou,Doufelgou
TOGO,Togo,NA,NA,Kara,Kara,Keran,Keran
TOGO,Togo,NA,NA,Kara,Kara,Kozah,Kozah
TOGO,Togo,NA,NA,Maritime,Maritime,Agoè-Nyivé,Agoe-Nyive
TOGO,Togo,NA,NA,Maritime,Maritime,Ave,Ave
TOGO,Togo,NA,NA,Maritime,Maritime,Bas-Mono,Bas-Mono
TOGO,Togo,NA,NA,Maritime,Maritime,Golfe,Golfe
TOGO,Togo,NA,NA,Maritime,Maritime,Lacs,Lacs
TOGO,Togo,NA,NA,Maritime,Maritime,Lome Commune,Lome Commune
TOGO,Togo,NA,NA,Maritime,Maritime,Vo,Vo
TOGO,Togo,NA,NA,Maritime,Maritime,Yoto,Yoto
TOGO,Togo,NA,NA,Maritime,Maritime,Zio,Zio
TOGO,Togo,NA,NA,Plateaux,Plateaux,Agou,Agou
TOGO,Togo,NA,NA,Plateaux,Plateaux,Akébou,Akebou
TOGO,Togo,NA,NA,Plateaux,Plateaux,Amou,Amou
TOGO,Togo,NA,NA,Plateaux,Plateaux,Anié,Anie
TOGO,Togo,NA,NA,Plateaux,Plateaux,Danyi,Danyi
TOGO,Togo,NA,NA,Plateaux,Plateaux,Est-Mono,Est-Mono
TOGO,Togo,NA,NA,Plateaux,Plateaux,Haho,Haho
TOGO,Togo,NA,NA,Plateaux,Plateaux,Kloto,Kloto
TOGO,Togo,NA,NA,Plateaux,Plateaux,Kpélé,Kpele
TOGO,Togo,NA,NA,Plateaux,Plateaux,Moyen-Mono,Moyen-Mono
TOGO,Togo,NA,NA,Plateaux,Plateaux,Ogou,Ogou
TOGO,Togo,NA,NA,Plateaux,Plateaux,Wawa,Wawa
TOGO,Togo,NA,NA,Savanes,Savanes,Cinkassé,Cinkasse
TOGO,Togo,NA,NA,Savanes,Savanes,Kpendjal,Kpendjal
TOGO,Togo,NA,NA,Savanes,Savanes,Oti,Oti
TOGO,Togo,NA,NA,Savanes,Savanes,Tandjouare,Tandjouare
TOGO,Togo,NA,NA,Savanes,Savanes,Tone,Tone
TOGO,Togo,NA,NA,Savanes,Savanes,Kpendjal-Ouest,Kpendjal-Ouest
TOGO,Togo,NA,NA,Savanes,Savanes,Oti-Sud,Oti-Sud
Togo,Togo,NA,NA,Maritime,Maritime,AVE,Ave
Togo,Togo,NA,NA,Maritime,Maritime,ZIO,Zio
Togo,Togo,NA,NA,Maritime,Maritime,YOTO,Yoto
Togo,Togo,NA,NA,Maritime,Maritime,VO,Vo
Togo,Togo,NA,NA,Maritime,Maritime,BAS - MONO,Bas - Mono
Togo,Togo,NA,NA,Maritime,Maritime,LACS,Lacs
Togo,Togo,NA,NA,PLATEAUX,Plateaux,AGOU,Agou
Togo,Togo,NA,NA,PLATEAUX,Plateaux,KLOTO,Kloto
Togo,Togo,NA,NA,PLATEAUX,Plateaux,KPELE,Kpele
Togo,Togo,NA,NA,PLATEAUX,Plateaux,DANYI,Danyi
Togo,Togo,NA,NA,PLATEAUX,Plateaux,AMOU,Amou
Togo,Togo,NA,NA,PLATEAUX,Plateaux,WAWA,Wawa
Togo,Togo,NA,NA,PLATEAUX,Plateaux,AKEBOU,Akebou
Togo,Togo,NA,NA,PLATEAUX,Plateaux,OGOU,Ogou
Togo,Togo,NA,NA,PLATEAUX,Plateaux,ANIE,Anie
Togo,Togo,NA,NA,PLATEAUX,Plateaux,EST -MONO,Est -Mono
Togo,Togo,NA,NA,PLATEAUX,Plateaux,MOYEN - MONO,Moyen - Mono
Togo,Togo,NA,NA,PLATEAUX,Plateaux,HAHO,Haho
Togo,Togo,NA,NA,CENTRALE,Centrale,BLITTA,Blitta
Togo,Togo,NA,NA,CENTRALE,Centrale,SOTOUBOUA,Sotouboua
Togo,Togo,NA,NA,CENTRALE,Centrale,TCHAMBA,Tchamba
Togo,Togo,NA,NA,CENTRALE,Centrale,TCHAOUDJO,Tchaoudjo
Togo,Togo,NA,NA,CENTRALE,Centrale,PLAINE DE MO,Plaine De Mo
Togo,Togo,NA,NA,KARA,Kara,ASSOLI,Assoli
Togo,Togo,NA,NA,KARA,Kara,BASSAR,Bassar
Togo,Togo,NA,NA,KARA,Kara,BINAH,Binah
Togo,Togo,NA,NA,KARA,Kara,DANKPEN,Dankpen
Togo,Togo,NA,NA,KARA,Kara,KOZAH,Kozah
Togo,Togo,NA,NA,KARA,Kara,DOUFELGOU,Doufelgou
Togo,Togo,NA,NA,KARA,Kara,KERAN,Keran
Togo,Togo,NA,NA,SAVANES,Savanes,OTI,Oti
Togo,Togo,NA,NA,SAVANES,Savanes,KPENDJAL,Kpendjal
Togo,Togo,NA,NA,SAVANES,Savanes,TANDJOUARE,Tandjouare
Togo,Togo,NA,NA,SAVANES,Savanes,CINKASSE,Cinkasse
Togo,Togo,NA,NA,SAVANES,Savanes,TONE,Tone
